#usda 1.0
(
    customLayerData = {
        string author = "The Van (https://sketchfab.com/thevan)"
        dictionary cameraSettings = {
            dictionary Front = {
                double3 position = (0, 0, 500)
                double radius = 5.648732757568359
            }
            dictionary Perspective = {
                double3 position = (9.144325588593034, 2.847785253804948, -1.3593115087684742)
                double3 target = (-31.005524701025024, -18.200195637948603, 5.758370636834868)
            }
            dictionary Right = {
                double3 position = (-500, 0, 0)
                double radius = 5
            }
            dictionary Top = {
                double3 position = (0, 500, 0)
                double radius = 5
            }
            string boundCamera = "/OmniverseKit_Front"
        }
        string copyright = "CC-BY-4.0 (http://creativecommons.org/licenses/by/4.0/)"
        string generator = "Sketchfab-12.67.0"
        dictionary navmeshSettings = {
            double agentHeight = 180
            double agentRadius = 20
            bool excludeRigidBodies = 1
            uint64 ver = 1
            double voxelCeiling = 460
        }
        dictionary omni_layer = {
            string authoring_layer = "./prop.usda"
            dictionary locked = {
            }
            dictionary muteness = {
            }
        }
        dictionary renderSettings = {
            float3 "rtx:debugView:pixelDebug:textColor" = (0, 1e18, 0)
            float3 "rtx:fog:fogColor" = (0.75, 0.75, 0.75)
            float3 "rtx:index:regionOfInterestMax" = (0, 0, 0)
            float3 "rtx:index:regionOfInterestMin" = (0, 0, 0)
            float3 "rtx:iray:environment_dome_ground_position" = (0, 0, 0)
            float3 "rtx:iray:environment_dome_ground_reflectivity" = (0, 0, 0)
            float3 "rtx:iray:environment_dome_rotation_axis" = (3.4028235e38, 3.4028235e38, 3.4028235e38)
            float3 "rtx:post:backgroundZeroAlpha:backgroundDefaultColor" = (0, 0, 0)
            float3 "rtx:post:colorcorr:contrast" = (1, 1, 1)
            float3 "rtx:post:colorcorr:gain" = (1, 1, 1)
            float3 "rtx:post:colorcorr:gamma" = (1, 1, 1)
            float3 "rtx:post:colorcorr:offset" = (0, 0, 0)
            float3 "rtx:post:colorcorr:saturation" = (1, 1, 1)
            float3 "rtx:post:colorgrad:blackpoint" = (0, 0, 0)
            float3 "rtx:post:colorgrad:contrast" = (1, 1, 1)
            float3 "rtx:post:colorgrad:gain" = (1, 1, 1)
            float3 "rtx:post:colorgrad:gamma" = (1, 1, 1)
            float3 "rtx:post:colorgrad:lift" = (0, 0, 0)
            float3 "rtx:post:colorgrad:multiply" = (1, 1, 1)
            float3 "rtx:post:colorgrad:offset" = (0, 0, 0)
            float3 "rtx:post:colorgrad:whitepoint" = (1, 1, 1)
            float3 "rtx:post:lensDistortion:lensFocalLengthArray" = (10, 30, 50)
            float3 "rtx:post:lensFlares:anisoFlareFalloffX" = (450, 475, 500)
            float3 "rtx:post:lensFlares:anisoFlareFalloffY" = (10, 10, 10)
            float3 "rtx:post:lensFlares:cutoffPoint" = (2, 2, 2)
            float3 "rtx:post:lensFlares:haloFlareFalloff" = (10, 10, 10)
            float3 "rtx:post:lensFlares:haloFlareRadius" = (75, 75, 75)
            float3 "rtx:post:lensFlares:isotropicFlareFalloff" = (50, 50, 50)
            float3 "rtx:post:tonemap:whitepoint" = (1, 1, 1)
            float3 "rtx:raytracing:inscattering:singleScatteringAlbedo" = (0.9, 0.9, 0.9)
            float3 "rtx:raytracing:inscattering:transmittanceColor" = (0.5, 0.5, 0.5)
            float3 "rtx:sceneDb:ambientLightColor" = (0.1, 0.1, 0.1)
        }
        string title = '5" Tri-Blade Propeller'
        string url = "https://sketchfab.com/3d-models/5-tri-blade-propeller-29c041703a6d49ecb08bc2427d71851a"
    }
    defaultPrim = "scene"
    metersPerUnit = 0.01
    upAxis = "Y"
)

def Xform "scene" (
    prepend apiSchemas = ["CesiumGlobeAnchorSchemaAPI"]
    assetInfo = {
        string name = "scene"
    }
    kind = "component"
)
{
    prepend rel cesium:anchor:georeferenceBinding = </CesiumGeoreference>
    double cesium:anchor:height = 2249.999999999463
    double cesium:anchor:latitude = 39.736401
    double cesium:anchor:longitude = -105.25737
    double3 cesium:anchor:position = (-1292934.4950404568, -4740026.104285266, 4056960.1513377787)
    double3 xformOp:rotateXYZ = (-6.993462673094694e-32, 2.0036188219812465e-15, -1.5149628842509793e-15)
    double3 xformOp:scale = (1, 1, 1)
    double3 xformOp:translate = (-4.470348358154297e-8, 0, -1.1920928955078125e-7)
    uniform token[] xformOpOrder = ["!resetXformStack!", "xformOp:translate", "xformOp:rotateXYZ", "xformOp:scale"]

    def OmniGraph "ActionGraph"
    {
        token evaluationMode = "Automatic"
        token evaluator:type = "execution"
        token fabricCacheBacking = "Shared"
        int2 fileFormatVersion = (1, 7)
        token pipelineStage = "pipelineStageSimulation"

        def OmniGraphNode "on_playback_tick" (
            prepend apiSchemas = ["NodeGraphNodeAPI"]
        )
        {
            token node:type = "omni.graph.action.OnPlaybackTick"
            int node:typeVersion = 1
            custom double outputs:deltaSeconds
            custom double outputs:frame
            custom uint outputs:tick (
                customData = {
                    bool isExecution = 1
                }
            )
            custom double outputs:time
            uniform token ui:nodegraph:node:expansionState = "open"
            uniform float2 ui:nodegraph:node:pos = (-96.17765, -16.589924)
        }

        def OmniGraphNode "write_prim_attribute" (
            prepend apiSchemas = ["NodeGraphNodeAPI"]
        )
        {
            custom uint inputs:execIn
            prepend uint inputs:execIn.connect = </scene/ActionGraph/on_playback_tick.outputs:tick>
            custom token inputs:name = "xformOp:translate"
            custom rel inputs:prim = </scene/Prop/Prop_mesh> (
                customData = {
                    dictionary omni = {
                        dictionary graph = {
                            string relType = "target"
                        }
                    }
                }
            )
            custom token inputs:primPath = "/bboxes/prop/Prop"
            custom bool inputs:usdWriteBack
            custom bool inputs:usePath = 1
            custom token inputs:value (
                customData = {
                    dictionary omni = {
                        dictionary graph = {
                            double3 attrValue = (0, 0, 0)
                            string resolvedType = "double[3]"
                        }
                    }
                }
            )
            prepend token inputs:value.connect = </scene/ActionGraph/global_position_to_local_position.outputs:local_position>
            token node:type = "omni.graph.nodes.WritePrimAttribute"
            int node:typeVersion = 2
            custom uint outputs:execOut (
                customData = {
                    bool isExecution = 1
                }
            )
            custom bool state:correctlySetup
            custom uint64 state:destAttrib
            custom uint64 state:destPath
            custom uint64 state:destPathToken
            uniform token ui:nodegraph:node:expansionState = "open"
            uniform float2 ui:nodegraph:node:pos = (735.16504, 175.33127)
        }

        def OmniGraphNode "write_prim_attribute_01" (
            prepend apiSchemas = ["NodeGraphNodeAPI"]
        )
        {
            custom uint inputs:execIn
            prepend uint inputs:execIn.connect = </scene/ActionGraph/on_playback_tick.outputs:tick>
            custom token inputs:name = "xformOp:orient"
            custom rel inputs:prim (
                customData = {
                    dictionary omni = {
                        dictionary graph = {
                            string relType = "target"
                        }
                    }
                }
            )
            custom token inputs:primPath = "/bboxes/prop/Prop"
            custom bool inputs:usdWriteBack
            custom bool inputs:usePath = 1
            custom token inputs:value (
                customData = {
                    dictionary omni = {
                        dictionary graph = {
                            double4 attrValue = (0, 0, 0, 0)
                            string resolvedType = "quatd[4]"
                        }
                    }
                }
            )
            prepend token inputs:value.connect = </scene/ActionGraph/global_position_to_local_position.outputs:local_orientation>
            token node:type = "omni.graph.nodes.WritePrimAttribute"
            int node:typeVersion = 2
            custom uint outputs:execOut (
                customData = {
                    bool isExecution = 1
                }
            )
            custom bool state:correctlySetup
            custom uint64 state:destAttrib
            custom uint64 state:destPath
            custom uint64 state:destPathToken
            uniform token ui:nodegraph:node:expansionState = "open"
            uniform float2 ui:nodegraph:node:pos = (737.9263, -73.01715)
        }

        def OmniGraphNode "udp_to_global_position" (
            prepend apiSchemas = ["NodeGraphNodeAPI"]
        )
        {
            custom uint inputs:execIn
            prepend uint inputs:execIn.connect = </scene/ActionGraph/on_playback_tick.outputs:tick>
            custom int inputs:udp_port = 33334
            token node:type = "omni.sim.position.UDPToGlobalPosition"
            int node:typeVersion = 1
            custom vector3d outputs:global_orientation
            custom vector3d outputs:global_position
            uniform token ui:nodegraph:node:expansionState = "open"
            uniform float2 ui:nodegraph:node:pos = (124.95949, 91.62356)
        }

        def OmniGraphNode "global_position_to_local_position" (
            prepend apiSchemas = ["NodeGraphNodeAPI"]
        )
        {
            custom vector3d inputs:enu_reference
            custom uint inputs:execIn
            prepend uint inputs:execIn.connect = </scene/ActionGraph/on_playback_tick.outputs:tick>
            custom vector3d inputs:global_orientation
            prepend vector3d inputs:global_orientation.connect = </scene/ActionGraph/udp_to_global_position.outputs:global_orientation>
            custom vector3d inputs:global_position
            prepend vector3d inputs:global_position.connect = </scene/ActionGraph/udp_to_global_position.outputs:global_position>
            custom float inputs:offset_pitch
            custom float inputs:offset_roll
            custom float inputs:offset_yaw
            token node:type = "omni.sim.math.GlobalPositionToLocalPosition"
            int node:typeVersion = 1
            custom vector3f outputs:global_orientation
            custom vector3d outputs:global_position
            custom quatf outputs:local_orientation
            custom vector3f outputs:local_position
            uniform token ui:nodegraph:node:expansionState = "open"
            uniform float2 ui:nodegraph:node:pos = (381.6298, 92.01756)
        }
    }

    def Xform "Prop" (
        prepend apiSchemas = ["CesiumGlobeAnchorSchemaAPI"]
    )
    {
        prepend rel cesium:anchor:georeferenceBinding = </CesiumGeoreference>
        double cesium:anchor:height = 2249.999999999463
        double cesium:anchor:latitude = 39.736401
        double cesium:anchor:longitude = -105.25737
        double3 cesium:anchor:position = (-1292934.4950404568, -4740026.104285266, 4056960.1513377787)
        quatd xformOp:orient = (1, -3.791351991799661e-34, 1.7484872699251443e-17, -1.3220545187844668e-17)
        double3 xformOp:scale = (1, 1, 1)
        double3 xformOp:translate = (-4.470348358154297e-8, 0, -1.1920928955078125e-7)
        uniform token[] xformOpOrder = ["!resetXformStack!", "xformOp:translate", "xformOp:orient", "xformOp:scale"]

        def Xform "Prop_mesh"
        {
            quatd xformOp:orient = (0.9659258262890683, 0.2588190451025207, 0, 0)
            double3 xformOp:scale = (1, 1, 1)
            double3 xformOp:translate = (0, -0.30000000447034836, 0)
            uniform token[] xformOpOrder = ["xformOp:translate", "xformOp:orient", "xformOp:scale"]

            def Scope "Materials"
            {
                def Material "Prop5in" (
                    prepend apiSchemas = ["SemanticsAPI:Semantics_sYmu", "SemanticsAPI:Semantics_65Zw", "SemanticsAPI:Semantics_4Wbv", "SemanticsAPI:Semantics_SImG", "SemanticsAPI:Semantics_8jpc", "SemanticsAPI:Semantics_kEvs", "SemanticsAPI:Semantics_GW1U", "SemanticsAPI:Semantics_z942"]
                )
                {
                    token outputs:surface.connect = </scene/Prop/Prop_mesh/Materials/Prop5in/pbr_shader.outputs:surface>
                    string semantic:Semantics_4Wbv:params:semanticData = "Prop5in"
                    string semantic:Semantics_4Wbv:params:semanticType = "class"
                    string semantic:Semantics_8jpc:params:semanticData = "Prop5in"
                    string semantic:Semantics_8jpc:params:semanticType = "class"
                    string semantic:Semantics_65Zw:params:semanticData = "Prop5in"
                    string semantic:Semantics_65Zw:params:semanticType = "class"
                    string semantic:Semantics_GW1U:params:semanticData = "Prop5in"
                    string semantic:Semantics_GW1U:params:semanticType = "class"
                    string semantic:Semantics_kEvs:params:semanticData = "Prop5in"
                    string semantic:Semantics_kEvs:params:semanticType = "class"
                    string semantic:Semantics_SImG:params:semanticData = "Prop5in"
                    string semantic:Semantics_SImG:params:semanticType = "class"
                    string semantic:Semantics_sYmu:params:semanticData = "Prop5in"
                    string semantic:Semantics_sYmu:params:semanticType = "class"
                    string semantic:Semantics_z942:params:semanticData = "Prop5in"
                    string semantic:Semantics_z942:params:semanticType = "class"

                    def Shader "pbr_shader"
                    {
                        uniform token info:id = "UsdPreviewSurface"
                        color3f inputs:diffuseColor.connect = </scene/Prop/Prop_mesh/Materials/Prop5in/tex_base.outputs:rgb>
                        color3f inputs:emissiveColor = (0, 0, 0)
                        float inputs:metallic.connect = </scene/Prop/Prop_mesh/Materials/Prop5in/tex_metallic.outputs:r>
                        normal3f inputs:normal.connect = </scene/Prop/Prop_mesh/Materials/Prop5in/tex_normal.outputs:rgb>
                        float inputs:occlusion = 1
                        float inputs:opacity.connect = </scene/Prop/Prop_mesh/Materials/Prop5in/tex_base.outputs:a>
                        float inputs:roughness.connect = </scene/Prop/Prop_mesh/Materials/Prop5in/tex_roughness.outputs:r>
                        token outputs:surface
                    }

                    def Shader "uvset0"
                    {
                        uniform token info:id = "UsdPrimvarReader_float2"
                        token inputs:varname = "st0"
                        float2 outputs:result
                    }

                    def Shader "tex_base"
                    {
                        uniform token info:id = "UsdUVTexture"
                        float4 inputs:fallback = (1, 1, 1, 1)
                        asset inputs:file = @./5_Tri-Blade_Propeller/0/Prop5in_baseColor.png@
                        float2 inputs:st.connect = </scene/Prop/Prop_mesh/Materials/Prop5in/uvset0.outputs:result>
                        token inputs:wrapS = "repeat"
                        token inputs:wrapT = "repeat"
                        float outputs:a
                        float3 outputs:rgb
                    }

                    def Shader "tex_metallic"
                    {
                        uniform token info:id = "UsdUVTexture"
                        float4 inputs:fallback = (0, 0, 0, 1)
                        asset inputs:file = @./5_Tri-Blade_Propeller/0/Prop5in_metallicRoughness_metal.jpg@
                        float2 inputs:st.connect = </scene/Prop/Prop_mesh/Materials/Prop5in/uvset0.outputs:result>
                        token inputs:wrapS = "repeat"
                        token inputs:wrapT = "repeat"
                        float outputs:r
                    }

                    def Shader "tex_roughness"
                    {
                        uniform token info:id = "UsdUVTexture"
                        float4 inputs:fallback = (1, 0, 0, 1)
                        asset inputs:file = @./5_Tri-Blade_Propeller/0/Prop5in_metallicRoughness_rough.jpg@
                        float2 inputs:st.connect = </scene/Prop/Prop_mesh/Materials/Prop5in/uvset0.outputs:result>
                        token inputs:wrapS = "repeat"
                        token inputs:wrapT = "repeat"
                        float outputs:r
                    }

                    def Shader "tex_normal"
                    {
                        uniform token info:id = "UsdUVTexture"
                        float4 inputs:bias = (-1, -1, -1, -1)
                        float4 inputs:fallback = (0, 0, 1, 1)
                        asset inputs:file = @./5_Tri-Blade_Propeller/0/Prop5in_normal.jpg@
                        float4 inputs:scale = (2, 2, 2, 2)
                        token inputs:sourceColorSpace = "raw"
                        float2 inputs:st.connect = </scene/Prop/Prop_mesh/Materials/Prop5in/uvset0.outputs:result>
                        token inputs:wrapS = "repeat"
                        token inputs:wrapT = "repeat"
                        float3 outputs:rgb
                    }
                }
            }

            def Xform "Meshes"
            {
                float3 xformOp:scale = (100, 100, 100)
                uniform token[] xformOpOrder = ["xformOp:scale"]

                def Xform "Sketchfab_model"
                {
                    matrix4d xformOp:transform = ( (1, 0, 0, 0), (0, 0.8627765774726868, -0.5055854320526123, 0), (0, 0.5055854320526123, 0.8627765774726868, 0), (0, 0.0014097301755100489, -0.003516379976645112, 1) )
                    uniform token[] xformOpOrder = ["xformOp:transform"]

                    def Xform "aa5e50beec384de7981e3a8c86a7b747_fbx"
                    {
                        matrix4d xformOp:transform = ( (0.009999999776482582, 0, 0, 0), (0, 0, 0.009999999776482582, 0), (0, -0.009999999776482582, 0, 0), (0, 0, 0, 1) )
                        uniform token[] xformOpOrder = ["xformOp:transform"]

                        def Xform "RootNode"
                        {
                            matrix4d xformOp:transform = ( (1, 0, 0, 0), (0, 1, 0, 0), (0, 0, 1, 0), (0, 0, 0, 1) )
                            uniform token[] xformOpOrder = ["xformOp:transform"]

                            def Xform "Prop5in"
                            {
                                matrix4d xformOp:transform = ( (100, 0, 0, 0), (0, -0.000016292067812173627, -100, 0), (0, 100, -0.000016292067812173627, 0), (0, 0, 0, 1) )
                                uniform token[] xformOpOrder = ["xformOp:transform"]

                                def Xform "Prop5in_Prop5in_0"
                                {
                                    matrix4d xformOp:transform = ( (1, 0, 0, 0), (0, 1, 0, 0), (0, 0, 1, 0), (0, 0, 0, 1) )
                                    uniform token[] xformOpOrder = ["xformOp:transform"]

                                    def Mesh "Prop5in_Prop5in_0" (
                                        prepend apiSchemas = ["SemanticsAPI:Semantics_0CQz", "SemanticsAPI:Semantics_orTz", "SemanticsAPI:Semantics_wN6I", "SemanticsAPI:Semantics_dpQw", "SemanticsAPI:Semantics_vJTG", "SemanticsAPI:Semantics_hV49", "SemanticsAPI:Semantics_dewN", "SemanticsAPI:Semantics_t7QD"]
                                    )
                                    {
                                        uniform bool doubleSided = 1
                                        float3[] extent = [(-0.032797627, -0.05415159, 0.000297999), (0.06297315, 0.05520809, 0.0072479905)]
                                        int[] faceVertexCounts = [3, 3, 3, 3, 3, 3, 3, 3, 3, 3, 3, 3, 3, 3, 3, 3, 3, 3, 3, 3, 3, 3, 3, 3, 3, 3, 3, 3, 3, 3, 3, 3, 3, 3, 3, 3, 3, 3, 3, 3, 3, 3, 3, 3, 3, 3, 3, 3, 3, 3, 3, 3, 3, 3, 3, 3, 3, 3, 3, 3, 3, 3, 3, 3, 3, 3, 3, 3, 3, 3, 3, 3, 3, 3, 3, 3, 3, 3, 3, 3, 3, 3, 3, 3, 3, 3, 3, 3, 3, 3, 3, 3, 3, 3, 3, 3, 3, 3, 3, 3, 3, 3, 3, 3, 3, 3, 3, 3, 3, 3, 3, 3, 3, 3, 3, 3, 3, 3, 3, 3, 3, 3, 3, 3, 3, 3, 3, 3, 3, 3, 3, 3, 3, 3, 3, 3, 3, 3, 3, 3, 3, 3, 3, 3, 3, 3, 3, 3, 3, 3, 3, 3, 3, 3, 3, 3, 3, 3, 3, 3, 3, 3, 3, 3, 3, 3, 3, 3, 3, 3, 3, 3, 3, 3, 3, 3, 3, 3, 3, 3, 3, 3, 3, 3, 3, 3, 3, 3, 3, 3, 3, 3, 3, 3, 3, 3, 3, 3, 3, 3, 3, 3, 3, 3, 3, 3, 3, 3, 3, 3, 3, 3, 3, 3, 3, 3, 3, 3, 3, 3, 3, 3, 3, 3, 3, 3, 3, 3, 3, 3, 3, 3, 3, 3, 3, 3, 3, 3, 3, 3, 3, 3, 3, 3, 3, 3, 3, 3, 3, 3, 3, 3, 3, 3, 3, 3, 3, 3, 3, 3, 3, 3, 3, 3, 3, 3, 3, 3, 3, 3, 3, 3, 3, 3, 3, 3, 3, 3, 3, 3, 3, 3, 3, 3, 3, 3, 3, 3, 3, 3, 3, 3, 3, 3, 3, 3, 3, 3, 3, 3, 3, 3, 3, 3, 3, 3, 3, 3, 3, 3, 3, 3, 3, 3, 3, 3, 3, 3, 3, 3, 3, 3, 3, 3, 3, 3, 3, 3, 3, 3, 3, 3, 3, 3, 3, 3, 3, 3, 3, 3, 3, 3, 3, 3, 3, 3, 3, 3, 3, 3, 3, 3, 3, 3, 3, 3, 3, 3, 3, 3, 3, 3, 3, 3, 3, 3, 3, 3, 3, 3, 3, 3, 3, 3, 3, 3, 3, 3, 3, 3, 3, 3, 3, 3, 3, 3, 3, 3, 3, 3, 3, 3, 3, 3, 3, 3, 3, 3, 3, 3, 3, 3, 3, 3, 3, 3, 3, 3, 3, 3, 3, 3, 3, 3, 3, 3, 3, 3, 3, 3, 3, 3, 3, 3, 3, 3, 3, 3, 3, 3, 3, 3, 3, 3, 3, 3, 3, 3, 3, 3, 3, 3, 3, 3, 3, 3, 3, 3, 3, 3, 3, 3, 3, 3, 3, 3, 3, 3, 3, 3, 3, 3, 3, 3, 3, 3, 3, 3, 3, 3, 3, 3, 3, 3, 3, 3, 3, 3, 3, 3, 3, 3, 3, 3, 3, 3, 3, 3, 3, 3, 3, 3, 3, 3, 3, 3, 3, 3, 3, 3, 3, 3, 3, 3, 3, 3, 3, 3, 3, 3, 3, 3, 3, 3, 3, 3, 3, 3, 3, 3, 3, 3, 3, 3, 3, 3, 3, 3, 3, 3, 3, 3, 3, 3, 3, 3, 3, 3, 3, 3, 3, 3, 3, 3, 3, 3, 3, 3, 3, 3, 3, 3, 3, 3, 3, 3, 3, 3, 3, 3, 3, 3, 3, 3, 3, 3, 3, 3, 3, 3, 3, 3, 3, 3, 3, 3, 3, 3, 3, 3, 3, 3, 3, 3, 3, 3, 3, 3, 3, 3, 3, 3, 3, 3, 3, 3, 3, 3, 3, 3, 3, 3, 3, 3, 3, 3, 3, 3, 3, 3, 3, 3, 3, 3, 3, 3, 3, 3, 3, 3, 3, 3, 3, 3, 3, 3, 3, 3, 3, 3, 3, 3, 3, 3, 3, 3, 3, 3, 3, 3, 3, 3, 3, 3, 3, 3, 3, 3, 3, 3, 3, 3, 3, 3, 3, 3, 3, 3, 3, 3, 3, 3, 3, 3, 3, 3, 3, 3, 3, 3, 3, 3, 3, 3, 3, 3, 3, 3, 3, 3, 3, 3, 3, 3, 3, 3, 3, 3, 3, 3, 3, 3, 3, 3, 3, 3, 3, 3, 3, 3, 3, 3, 3, 3, 3, 3, 3, 3, 3, 3, 3, 3, 3, 3, 3, 3, 3, 3, 3, 3, 3, 3, 3, 3, 3, 3, 3, 3, 3, 3, 3, 3, 3, 3, 3, 3, 3, 3, 3, 3, 3, 3, 3, 3, 3, 3, 3, 3, 3, 3, 3, 3, 3, 3, 3, 3, 3, 3, 3, 3, 3, 3, 3, 3, 3, 3, 3, 3, 3, 3, 3, 3, 3, 3, 3, 3, 3, 3, 3, 3, 3, 3, 3, 3, 3, 3, 3, 3, 3, 3, 3, 3, 3, 3, 3, 3, 3, 3, 3, 3, 3, 3, 3, 3, 3, 3, 3, 3, 3, 3, 3, 3, 3, 3, 3, 3, 3, 3, 3, 3, 3, 3, 3, 3, 3, 3, 3, 3, 3, 3, 3, 3, 3, 3, 3, 3, 3, 3, 3, 3, 3, 3, 3, 3, 3, 3, 3, 3, 3, 3, 3, 3, 3, 3, 3, 3, 3, 3, 3, 3, 3, 3, 3, 3, 3, 3, 3, 3, 3, 3, 3, 3, 3, 3, 3, 3, 3, 3, 3, 3, 3, 3, 3, 3, 3, 3, 3, 3, 3, 3, 3, 3, 3, 3, 3, 3, 3, 3, 3, 3, 3, 3, 3, 3, 3, 3, 3, 3, 3, 3, 3, 3, 3, 3, 3, 3, 3, 3, 3, 3, 3, 3, 3, 3, 3, 3, 3, 3, 3, 3, 3, 3, 3, 3, 3, 3, 3, 3, 3, 3, 3, 3, 3, 3, 3, 3, 3, 3, 3, 3, 3, 3, 3, 3, 3, 3, 3, 3, 3, 3, 3, 3, 3, 3, 3, 3, 3, 3, 3, 3, 3, 3, 3, 3, 3, 3, 3, 3, 3, 3, 3, 3, 3, 3, 3, 3, 3, 3, 3, 3, 3, 3, 3, 3, 3, 3, 3, 3, 3, 3, 3, 3, 3, 3, 3, 3, 3, 3, 3, 3, 3, 3, 3, 3, 3, 3, 3, 3, 3, 3, 3, 3, 3, 3, 3, 3, 3, 3, 3, 3, 3, 3, 3, 3, 3, 3, 3, 3, 3, 3, 3, 3, 3, 3, 3, 3, 3, 3, 3, 3, 3, 3, 3, 3, 3, 3, 3, 3, 3, 3, 3, 3, 3, 3, 3, 3, 3, 3, 3, 3, 3, 3, 3, 3, 3, 3, 3, 3, 3, 3, 3, 3, 3, 3, 3, 3, 3, 3, 3, 3, 3, 3, 3, 3, 3, 3, 3, 3, 3, 3, 3, 3, 3, 3, 3, 3, 3, 3, 3, 3, 3, 3, 3, 3, 3, 3, 3, 3, 3, 3, 3, 3, 3, 3, 3, 3, 3, 3, 3, 3, 3, 3, 3, 3, 3, 3, 3, 3, 3, 3, 3, 3, 3, 3, 3, 3, 3, 3, 3, 3, 3, 3, 3, 3, 3, 3, 3, 3, 3, 3, 3, 3, 3, 3, 3, 3, 3, 3, 3, 3, 3, 3, 3, 3, 3, 3, 3, 3, 3, 3, 3, 3, 3, 3, 3, 3, 3, 3, 3, 3, 3, 3, 3, 3, 3, 3, 3, 3, 3, 3, 3, 3, 3, 3, 3, 3, 3, 3, 3, 3, 3, 3, 3, 3, 3, 3, 3, 3, 3, 3, 3, 3, 3, 3, 3, 3, 3, 3, 3, 3, 3, 3, 3, 3, 3, 3, 3, 3, 3, 3, 3, 3, 3, 3, 3, 3, 3, 3, 3, 3, 3, 3, 3, 3, 3, 3, 3, 3, 3, 3, 3, 3, 3, 3, 3, 3, 3, 3, 3, 3, 3, 3, 3, 3, 3, 3, 3, 3, 3, 3, 3, 3, 3, 3, 3, 3, 3, 3, 3, 3, 3, 3, 3, 3, 3, 3, 3, 3, 3, 3, 3, 3, 3, 3, 3, 3, 3, 3, 3, 3, 3, 3, 3, 3, 3, 3, 3, 3, 3, 3, 3, 3, 3, 3, 3, 3, 3, 3, 3, 3, 3, 3, 3, 3, 3, 3, 3, 3, 3, 3, 3, 3, 3, 3, 3, 3, 3, 3, 3, 3, 3, 3, 3, 3, 3, 3, 3, 3, 3, 3, 3, 3, 3, 3, 3, 3, 3, 3, 3, 3, 3, 3, 3, 3, 3, 3, 3, 3, 3, 3, 3, 3, 3, 3, 3, 3, 3, 3, 3, 3, 3, 3, 3, 3, 3, 3, 3, 3, 3, 3, 3, 3, 3, 3, 3, 3, 3, 3, 3, 3, 3, 3, 3, 3, 3, 3, 3, 3, 3, 3, 3, 3, 3, 3, 3, 3, 3, 3, 3, 3, 3, 3, 3, 3, 3, 3, 3, 3, 3, 3, 3, 3, 3, 3, 3, 3, 3, 3, 3, 3, 3, 3, 3, 3, 3, 3, 3, 3, 3, 3, 3, 3, 3, 3, 3, 3, 3, 3, 3, 3, 3, 3, 3, 3, 3, 3, 3, 3, 3, 3, 3, 3, 3, 3, 3, 3, 3, 3, 3, 3, 3, 3, 3, 3, 3, 3, 3, 3, 3, 3, 3, 3, 3, 3, 3, 3, 3, 3, 3, 3, 3, 3, 3, 3, 3, 3, 3, 3, 3, 3, 3, 3, 3, 3, 3, 3, 3, 3, 3, 3, 3, 3, 3, 3, 3, 3, 3, 3, 3, 3, 3, 3, 3, 3, 3, 3, 3, 3, 3, 3, 3, 3, 3, 3, 3, 3, 3, 3, 3, 3, 3, 3, 3, 3, 3, 3, 3, 3, 3, 3, 3, 3, 3, 3, 3, 3, 3, 3, 3, 3, 3, 3, 3, 3, 3, 3, 3, 3, 3, 3, 3, 3, 3, 3, 3, 3, 3, 3, 3, 3, 3, 3, 3, 3, 3, 3, 3, 3, 3, 3, 3, 3, 3, 3, 3, 3, 3, 3, 3, 3, 3, 3, 3, 3, 3, 3, 3, 3, 3, 3, 3, 3, 3, 3, 3, 3, 3, 3, 3, 3, 3, 3, 3, 3, 3, 3, 3, 3, 3, 3, 3, 3, 3, 3, 3, 3, 3, 3, 3, 3, 3, 3, 3, 3, 3, 3, 3, 3, 3, 3, 3, 3, 3, 3, 3, 3, 3, 3, 3, 3, 3, 3, 3, 3, 3, 3, 3, 3, 3, 3, 3, 3, 3, 3, 3, 3, 3, 3, 3, 3, 3, 3, 3, 3, 3, 3, 3, 3, 3, 3, 3, 3, 3, 3, 3, 3, 3, 3, 3, 3, 3, 3, 3, 3, 3, 3, 3, 3, 3, 3, 3, 3, 3, 3, 3, 3, 3, 3, 3, 3, 3, 3, 3, 3, 3, 3, 3, 3, 3, 3, 3, 3, 3, 3, 3, 3, 3, 3, 3, 3, 3, 3, 3, 3, 3, 3, 3, 3, 3, 3, 3, 3, 3, 3, 3, 3, 3, 3, 3, 3, 3, 3, 3, 3, 3, 3, 3, 3, 3, 3, 3, 3, 3, 3, 3, 3, 3, 3, 3, 3, 3, 3, 3, 3, 3, 3, 3, 3, 3, 3, 3, 3, 3, 3, 3, 3, 3, 3, 3, 3, 3, 3, 3, 3, 3, 3, 3, 3, 3, 3, 3, 3, 3, 3, 3, 3, 3, 3, 3, 3, 3, 3, 3, 3, 3, 3, 3, 3, 3, 3, 3, 3, 3, 3, 3, 3, 3, 3, 3, 3, 3, 3, 3, 3, 3, 3, 3, 3, 3, 3, 3, 3, 3, 3, 3, 3, 3, 3, 3, 3, 3, 3, 3, 3, 3, 3, 3, 3, 3, 3, 3, 3, 3, 3, 3, 3, 3, 3, 3, 3, 3, 3, 3, 3, 3, 3, 3, 3, 3, 3, 3, 3, 3, 3, 3, 3, 3, 3, 3, 3, 3, 3, 3, 3, 3, 3, 3, 3, 3, 3, 3, 3, 3, 3, 3, 3, 3, 3, 3, 3, 3, 3, 3, 3, 3, 3, 3, 3, 3, 3, 3, 3, 3, 3, 3, 3, 3, 3, 3, 3, 3, 3, 3, 3, 3, 3, 3, 3, 3, 3, 3, 3, 3, 3, 3, 3, 3, 3, 3, 3, 3, 3, 3, 3, 3, 3, 3, 3, 3, 3, 3, 3, 3, 3, 3, 3, 3, 3, 3, 3, 3, 3, 3, 3, 3, 3, 3, 3, 3, 3, 3, 3, 3, 3, 3, 3, 3, 3, 3, 3, 3, 3, 3, 3, 3, 3, 3, 3, 3, 3, 3, 3, 3, 3, 3, 3, 3, 3, 3, 3, 3, 3, 3, 3, 3, 3, 3, 3, 3, 3, 3, 3, 3, 3, 3, 3, 3, 3, 3, 3, 3, 3, 3, 3, 3, 3, 3, 3, 3, 3, 3, 3, 3, 3, 3, 3, 3, 3, 3, 3, 3, 3, 3, 3, 3, 3, 3, 3, 3, 3, 3, 3, 3, 3, 3, 3, 3, 3, 3, 3, 3, 3, 3, 3, 3, 3, 3, 3, 3, 3, 3, 3, 3, 3, 3, 3, 3, 3, 3, 3, 3, 3, 3, 3, 3, 3, 3, 3, 3, 3, 3, 3, 3, 3, 3, 3, 3, 3, 3, 3, 3, 3, 3, 3, 3, 3, 3, 3, 3, 3, 3, 3, 3, 3, 3, 3, 3, 3, 3, 3, 3, 3, 3, 3, 3, 3, 3, 3, 3, 3, 3, 3, 3, 3, 3, 3, 3, 3, 3, 3, 3, 3, 3, 3, 3, 3, 3, 3, 3, 3, 3, 3, 3, 3, 3, 3, 3, 3, 3, 3, 3, 3, 3, 3, 3, 3, 3, 3, 3, 3, 3, 3, 3, 3, 3, 3, 3, 3, 3, 3, 3, 3, 3, 3, 3, 3, 3, 3, 3, 3, 3, 3, 3, 3, 3, 3, 3, 3, 3, 3, 3, 3, 3, 3, 3, 3, 3, 3, 3, 3, 3, 3, 3, 3, 3, 3, 3, 3, 3, 3, 3, 3, 3, 3, 3, 3, 3, 3, 3, 3, 3, 3, 3, 3, 3, 3, 3, 3, 3, 3, 3, 3, 3, 3, 3, 3, 3, 3, 3, 3, 3, 3, 3, 3, 3, 3, 3, 3, 3, 3, 3, 3, 3, 3, 3, 3, 3, 3, 3, 3, 3, 3, 3, 3, 3, 3, 3, 3, 3, 3, 3, 3, 3, 3, 3, 3, 3, 3, 3, 3, 3, 3, 3, 3, 3, 3, 3, 3, 3, 3, 3, 3, 3, 3, 3, 3, 3, 3, 3, 3, 3, 3, 3, 3, 3, 3, 3, 3, 3, 3, 3, 3, 3, 3, 3, 3, 3, 3, 3, 3, 3, 3, 3, 3, 3, 3, 3, 3, 3, 3, 3, 3, 3, 3, 3, 3, 3, 3, 3, 3, 3, 3, 3, 3, 3, 3, 3, 3, 3, 3, 3, 3, 3, 3, 3, 3, 3, 3, 3, 3, 3, 3, 3, 3, 3, 3, 3, 3, 3, 3, 3, 3, 3, 3, 3, 3, 3, 3, 3, 3, 3, 3, 3, 3, 3, 3, 3, 3, 3, 3, 3, 3, 3, 3, 3, 3, 3, 3, 3, 3, 3, 3, 3, 3, 3, 3, 3, 3, 3, 3, 3, 3, 3, 3, 3, 3, 3, 3, 3, 3, 3, 3, 3, 3, 3, 3, 3, 3, 3, 3, 3, 3, 3, 3, 3, 3, 3, 3, 3, 3, 3, 3, 3, 3, 3, 3, 3, 3, 3, 3, 3, 3, 3, 3, 3, 3, 3, 3, 3, 3, 3, 3, 3, 3, 3, 3, 3, 3, 3, 3, 3, 3, 3, 3, 3, 3, 3, 3, 3, 3, 3, 3, 3, 3, 3, 3, 3, 3, 3, 3, 3, 3, 3, 3, 3, 3, 3, 3, 3, 3, 3, 3, 3, 3, 3, 3, 3, 3, 3, 3, 3, 3, 3, 3, 3, 3, 3, 3, 3, 3, 3, 3, 3, 3, 3, 3, 3, 3, 3, 3, 3, 3, 3, 3, 3, 3, 3, 3, 3, 3, 3, 3, 3, 3, 3, 3, 3, 3, 3, 3, 3, 3, 3, 3, 3, 3, 3, 3, 3, 3, 3, 3, 3, 3, 3, 3, 3, 3, 3, 3, 3, 3, 3, 3, 3, 3, 3, 3, 3, 3, 3, 3, 3, 3, 3, 3, 3, 3, 3, 3, 3, 3, 3, 3, 3, 3, 3, 3, 3, 3, 3, 3, 3, 3, 3, 3, 3, 3, 3, 3, 3, 3, 3, 3, 3, 3, 3, 3, 3, 3, 3, 3, 3, 3, 3, 3, 3, 3, 3, 3, 3, 3, 3, 3, 3, 3, 3, 3, 3, 3, 3, 3, 3, 3, 3, 3, 3, 3, 3, 3, 3, 3, 3, 3, 3, 3, 3, 3, 3, 3, 3, 3, 3, 3, 3, 3, 3, 3, 3, 3, 3, 3, 3, 3, 3, 3, 3, 3, 3, 3, 3, 3, 3, 3, 3, 3, 3, 3, 3, 3, 3, 3, 3, 3, 3, 3, 3, 3, 3, 3, 3, 3, 3, 3, 3, 3, 3, 3, 3, 3, 3, 3, 3, 3, 3, 3, 3, 3, 3, 3, 3, 3, 3, 3, 3, 3, 3, 3, 3, 3, 3, 3, 3, 3, 3, 3, 3, 3, 3, 3, 3, 3, 3, 3, 3, 3, 3, 3, 3, 3, 3, 3, 3, 3, 3, 3, 3, 3, 3, 3, 3, 3, 3, 3, 3, 3, 3, 3, 3, 3, 3, 3, 3, 3, 3, 3, 3, 3, 3, 3, 3, 3, 3, 3, 3, 3, 3, 3, 3, 3, 3, 3, 3, 3, 3, 3, 3, 3, 3, 3, 3, 3, 3, 3, 3, 3, 3, 3, 3, 3, 3, 3, 3, 3, 3, 3, 3, 3, 3, 3, 3, 3, 3, 3, 3, 3, 3, 3, 3, 3, 3, 3, 3, 3, 3, 3, 3, 3, 3, 3, 3, 3, 3, 3, 3, 3, 3, 3, 3, 3, 3, 3, 3, 3, 3, 3, 3, 3, 3, 3, 3, 3, 3, 3, 3, 3, 3, 3, 3, 3, 3, 3, 3, 3, 3, 3, 3, 3, 3, 3, 3, 3, 3, 3, 3, 3, 3, 3, 3, 3, 3, 3, 3, 3, 3, 3, 3, 3, 3, 3, 3, 3, 3, 3, 3, 3, 3, 3, 3, 3, 3, 3, 3, 3, 3, 3, 3, 3, 3, 3, 3, 3, 3, 3, 3, 3, 3, 3, 3, 3, 3, 3, 3, 3, 3, 3, 3, 3, 3, 3, 3, 3, 3, 3, 3, 3, 3, 3, 3, 3, 3, 3, 3, 3, 3, 3, 3, 3, 3, 3, 3, 3, 3, 3, 3, 3, 3, 3, 3, 3, 3, 3, 3, 3, 3, 3, 3, 3, 3, 3, 3, 3, 3, 3, 3, 3, 3, 3, 3, 3, 3, 3, 3, 3, 3, 3, 3, 3, 3, 3, 3, 3, 3, 3, 3, 3, 3, 3, 3, 3, 3, 3, 3, 3, 3, 3, 3, 3, 3, 3, 3, 3, 3, 3, 3, 3, 3, 3, 3, 3, 3, 3, 3, 3, 3, 3, 3, 3, 3, 3, 3, 3, 3, 3, 3, 3, 3, 3, 3, 3, 3, 3, 3, 3, 3, 3, 3, 3, 3, 3, 3, 3, 3, 3, 3, 3, 3, 3, 3, 3, 3, 3, 3, 3, 3, 3, 3, 3, 3, 3, 3, 3, 3, 3, 3, 3, 3, 3, 3, 3, 3, 3, 3, 3, 3, 3, 3, 3, 3, 3, 3, 3, 3, 3, 3, 3, 3, 3, 3, 3, 3, 3, 3, 3, 3, 3, 3, 3, 3, 3, 3, 3, 3, 3, 3, 3, 3, 3, 3, 3, 3, 3, 3, 3, 3, 3, 3, 3, 3, 3, 3, 3, 3, 3, 3, 3, 3, 3, 3, 3, 3, 3, 3, 3, 3, 3, 3, 3, 3, 3, 3, 3, 3, 3, 3, 3, 3, 3, 3, 3, 3, 3, 3, 3, 3, 3, 3, 3, 3, 3, 3, 3, 3, 3, 3, 3, 3, 3, 3, 3, 3, 3, 3, 3, 3, 3, 3, 3, 3, 3, 3, 3, 3, 3, 3, 3, 3, 3, 3, 3, 3, 3, 3, 3, 3, 3, 3, 3, 3, 3, 3, 3, 3, 3, 3, 3, 3, 3, 3, 3, 3, 3, 3, 3, 3, 3, 3, 3, 3, 3, 3, 3, 3, 3, 3, 3, 3, 3, 3, 3, 3, 3, 3, 3, 3, 3, 3, 3, 3, 3, 3, 3, 3, 3, 3, 3, 3, 3, 3, 3, 3, 3, 3, 3, 3, 3, 3, 3, 3, 3, 3, 3]
                                        int[] faceVertexIndices = [0, 1, 2, 2, 1, 3, 2, 3, 4, 1, 0, 5, 5, 0, 6, 5, 6, 7, 7, 6, 8, 7, 8, 9, 9, 8, 10, 9, 10, 11, 11, 10, 12, 11, 12, 13, 13, 12, 14, 13, 14, 15, 15, 14, 16, 15, 16, 17, 17, 16, 18, 17, 18, 19, 19, 18, 20, 19, 20, 21, 21, 20, 22, 21, 22, 23, 23, 22, 24, 23, 24, 25, 25, 24, 26, 25, 26, 27, 27, 26, 28, 27, 28, 4, 4, 28, 2, 29, 30, 31, 31, 30, 32, 31, 32, 33, 33, 32, 34, 34, 32, 35, 34, 35, 36, 36, 35, 37, 37, 35, 38, 37, 38, 39, 39, 38, 40, 39, 40, 41, 41, 40, 42, 42, 40, 43, 42, 43, 44, 44, 43, 45, 44, 45, 46, 46, 45, 47, 47, 45, 48, 47, 48, 49, 49, 48, 50, 50, 48, 51, 50, 51, 52, 52, 51, 53, 52, 53, 54, 54, 53, 55, 55, 53, 56, 55, 56, 57, 57, 56, 58, 57, 58, 59, 59, 58, 60, 60, 58, 61, 60, 61, 62, 62, 61, 63, 63, 61, 64, 63, 64, 65, 65, 64, 66, 65, 66, 67, 67, 66, 29, 29, 66, 30, 68, 69, 70, 70, 69, 71, 71, 69, 72, 72, 69, 73, 72, 73, 74, 74, 73, 75, 74, 75, 76, 76, 75, 77, 77, 75, 78, 77, 78, 79, 79, 78, 80, 80, 78, 81, 81, 78, 82, 81, 82, 83, 83, 82, 84, 83, 84, 85, 86, 87, 78, 78, 87, 88, 78, 88, 89, 89, 90, 78, 78, 90, 91, 78, 91, 92, 92, 82, 78, 83, 85, 93, 93, 85, 94, 93, 94, 95, 93, 95, 96, 96, 95, 97, 96, 97, 98, 98, 97, 99, 98, 99, 100, 100, 101, 98, 98, 101, 102, 102, 101, 103, 102, 103, 104, 104, 103, 105, 104, 105, 106, 104, 106, 107, 107, 106, 108, 107, 108, 109, 110, 111, 112, 110, 112, 113, 112, 111, 114, 114, 111, 115, 114, 115, 116, 116, 117, 114, 114, 117, 118, 118, 117, 119, 118, 119, 120, 118, 120, 121, 121, 120, 122, 121, 122, 123, 123, 122, 124, 123, 124, 125, 125, 126, 123, 127, 128, 114, 114, 128, 129, 114, 129, 130, 130, 131, 114, 114, 131, 132, 114, 132, 133, 133, 112, 114, 113, 134, 110, 110, 134, 135, 135, 134, 136, 135, 136, 137, 135, 137, 138, 138, 137, 139, 138, 139, 140, 140, 139, 141, 140, 141, 142, 142, 143, 140, 140, 143, 144, 144, 143, 145, 144, 145, 146, 146, 145, 147, 146, 147, 148, 146, 148, 149, 149, 148, 150, 149, 150, 151, 151, 150, 152, 151, 152, 153, 153, 152, 154, 155, 156, 157, 155, 157, 158, 157, 156, 159, 159, 156, 160, 159, 160, 161, 161, 162, 159, 159, 162, 163, 163, 162, 164, 163, 164, 165, 163, 165, 166, 166, 165, 167, 166, 167, 168, 168, 167, 169, 168, 169, 170, 170, 171, 168, 172, 173, 159, 159, 173, 174, 159, 174, 175, 175, 176, 159, 159, 176, 177, 159, 177, 178, 178, 157, 159, 158, 179, 155, 155, 179, 180, 180, 179, 181, 180, 181, 182, 180, 182, 183, 183, 182, 184, 183, 184, 185, 185, 184, 186, 185, 186, 187, 187, 188, 185, 185, 188, 189, 189, 188, 190, 189, 190, 191, 191, 190, 192, 191, 192, 193, 191, 193, 194, 194, 193, 195, 194, 195, 196, 197, 198, 199, 199, 198, 200, 199, 200, 201, 201, 200, 202, 201, 202, 203, 203, 202, 204, 203, 204, 205, 205, 204, 206, 205, 206, 207, 207, 206, 208, 207, 208, 209, 209, 208, 210, 209, 210, 211, 211, 210, 212, 211, 212, 213, 213, 212, 214, 213, 214, 215, 215, 214, 216, 215, 216, 217, 217, 216, 218, 217, 218, 219, 219, 218, 220, 219, 220, 221, 221, 220, 222, 221, 222, 223, 223, 222, 224, 223, 224, 197, 197, 224, 198, 225, 226, 227, 227, 226, 228, 227, 228, 229, 229, 228, 230, 229, 230, 231, 231, 230, 232, 231, 232, 233, 233, 232, 234, 233, 234, 235, 235, 234, 236, 236, 234, 237, 236, 237, 238, 238, 237, 239, 239, 237, 240, 241, 242, 225, 225, 242, 243, 225, 243, 226, 226, 243, 244, 226, 244, 245, 245, 244, 246, 245, 246, 247, 247, 246, 248, 247, 248, 249, 250, 251, 241, 241, 251, 252, 241, 252, 253, 253, 252, 254, 253, 254, 255, 255, 254, 256, 255, 256, 257, 257, 256, 258, 257, 258, 259, 251, 250, 260, 260, 250, 261, 260, 261, 262, 262, 261, 263, 262, 263, 264, 264, 263, 265, 264, 265, 266, 266, 265, 267, 266, 267, 268, 268, 267, 269, 268, 269, 270, 270, 269, 271, 270, 271, 272, 272, 271, 273, 273, 271, 274, 273, 274, 275, 275, 274, 276, 276, 274, 277, 276, 277, 278, 278, 277, 279, 278, 279, 280, 280, 279, 281, 280, 281, 282, 282, 281, 283, 282, 283, 284, 284, 283, 285, 284, 285, 286, 286, 285, 287, 287, 285, 288, 287, 288, 289, 265, 290, 267, 267, 290, 291, 267, 291, 269, 269, 291, 292, 269, 292, 271, 271, 292, 274, 290, 293, 291, 291, 293, 294, 291, 294, 292, 292, 294, 277, 292, 277, 274, 294, 293, 279, 279, 293, 281, 284, 286, 295, 295, 286, 276, 295, 276, 278, 272, 296, 270, 270, 296, 297, 270, 297, 268, 268, 297, 298, 268, 298, 266, 266, 298, 264, 296, 299, 297, 297, 299, 300, 297, 300, 298, 298, 300, 301, 298, 301, 264, 264, 301, 302, 264, 302, 262, 262, 302, 303, 262, 303, 260, 260, 303, 251, 299, 304, 300, 300, 304, 305, 300, 305, 301, 301, 305, 306, 301, 306, 302, 302, 306, 303, 307, 308, 304, 304, 308, 306, 304, 306, 305, 258, 256, 307, 307, 256, 309, 307, 309, 308, 308, 309, 310, 308, 310, 303, 303, 310, 251, 257, 259, 311, 311, 259, 248, 311, 248, 246, 249, 312, 247, 247, 312, 313, 247, 313, 245, 245, 313, 314, 245, 314, 228, 228, 314, 230, 313, 315, 314, 314, 315, 316, 314, 316, 230, 230, 316, 232, 315, 232, 316, 232, 237, 234, 235, 317, 233, 233, 317, 231, 317, 229, 231, 242, 241, 253, 226, 245, 228, 246, 244, 311, 311, 244, 318, 311, 318, 257, 257, 318, 255, 244, 243, 318, 318, 243, 242, 318, 242, 255, 255, 242, 253, 254, 252, 310, 310, 252, 251, 256, 254, 309, 309, 254, 310, 306, 308, 303, 279, 277, 294, 278, 280, 295, 295, 280, 282, 295, 282, 284, 319, 320, 321, 321, 320, 322, 321, 322, 323, 323, 322, 324, 323, 324, 325, 325, 324, 326, 325, 326, 327, 327, 326, 328, 327, 328, 329, 329, 328, 330, 330, 328, 331, 330, 331, 332, 332, 331, 333, 333, 331, 334, 335, 336, 319, 319, 336, 337, 319, 337, 320, 320, 337, 338, 320, 338, 339, 339, 338, 340, 339, 340, 341, 341, 340, 342, 341, 342, 343, 344, 345, 335, 335, 345, 346, 335, 346, 347, 347, 346, 348, 347, 348, 349, 349, 348, 350, 349, 350, 351, 351, 350, 352, 351, 352, 353, 345, 344, 354, 354, 344, 355, 354, 355, 356, 356, 355, 357, 356, 357, 358, 358, 357, 359, 358, 359, 360, 360, 359, 361, 360, 361, 362, 362, 361, 363, 362, 363, 364, 364, 363, 365, 364, 365, 366, 366, 365, 367, 367, 365, 368, 367, 368, 369, 369, 368, 370, 370, 368, 371, 370, 371, 372, 372, 371, 373, 372, 373, 374, 374, 373, 375, 374, 375, 376, 376, 375, 377, 376, 377, 378, 378, 377, 379, 378, 379, 380, 380, 379, 381, 381, 379, 382, 381, 382, 383, 359, 384, 361, 361, 384, 385, 361, 385, 363, 363, 385, 386, 363, 386, 365, 365, 386, 368, 384, 387, 385, 385, 387, 388, 385, 388, 386, 386, 388, 371, 386, 371, 368, 388, 387, 373, 373, 387, 375, 378, 380, 389, 389, 380, 370, 389, 370, 372, 366, 390, 364, 364, 390, 391, 364, 391, 362, 362, 391, 392, 362, 392, 360, 360, 392, 358, 390, 393, 391, 391, 393, 394, 391, 394, 392, 392, 394, 395, 392, 395, 358, 358, 395, 396, 358, 396, 356, 356, 396, 397, 356, 397, 354, 354, 397, 345, 393, 398, 394, 394, 398, 399, 394, 399, 395, 395, 399, 400, 395, 400, 396, 396, 400, 397, 401, 402, 398, 398, 402, 400, 398, 400, 399, 352, 350, 401, 401, 350, 403, 401, 403, 402, 402, 403, 404, 402, 404, 397, 397, 404, 345, 351, 353, 405, 405, 353, 342, 405, 342, 340, 343, 406, 341, 341, 406, 407, 341, 407, 339, 339, 407, 408, 339, 408, 322, 322, 408, 324, 407, 409, 408, 408, 409, 410, 408, 410, 324, 324, 410, 326, 409, 326, 410, 326, 331, 328, 329, 411, 327, 327, 411, 325, 411, 323, 325, 336, 335, 347, 320, 339, 322, 340, 338, 405, 405, 338, 412, 405, 412, 351, 351, 412, 349, 338, 337, 412, 412, 337, 336, 412, 336, 349, 349, 336, 347, 348, 346, 404, 404, 346, 345, 350, 348, 403, 403, 348, 404, 400, 402, 397, 373, 371, 388, 372, 374, 389, 389, 374, 376, 389, 376, 378, 413, 414, 415, 415, 414, 416, 415, 416, 417, 417, 416, 418, 417, 418, 419, 419, 418, 420, 420, 418, 421, 420, 421, 422, 422, 421, 423, 422, 423, 424, 424, 423, 425, 425, 423, 426, 425, 426, 427, 427, 426, 428, 427, 428, 429, 429, 428, 430, 429, 430, 431, 431, 430, 432, 432, 430, 433, 432, 433, 434, 434, 433, 435, 434, 435, 436, 436, 435, 437, 437, 435, 438, 437, 438, 439, 439, 438, 440, 439, 440, 441, 441, 440, 442, 441, 442, 443, 443, 442, 444, 444, 442, 445, 444, 445, 446, 446, 445, 447, 446, 447, 448, 448, 447, 413, 413, 447, 414, 417, 449, 415, 415, 449, 450, 415, 450, 451, 449, 417, 452, 452, 417, 419, 452, 419, 453, 453, 419, 420, 453, 420, 454, 454, 420, 422, 454, 422, 455, 455, 422, 424, 455, 424, 456, 456, 424, 425, 456, 425, 457, 457, 425, 458, 458, 425, 427, 458, 427, 459, 459, 427, 429, 459, 429, 460, 460, 429, 431, 460, 431, 461, 461, 431, 432, 461, 432, 462, 462, 432, 434, 462, 434, 463, 463, 434, 436, 463, 436, 464, 464, 436, 437, 464, 437, 465, 465, 437, 466, 466, 437, 439, 466, 439, 467, 467, 439, 441, 467, 441, 468, 468, 441, 443, 468, 443, 469, 469, 443, 444, 469, 444, 470, 470, 444, 446, 470, 446, 471, 471, 446, 448, 471, 448, 472, 472, 448, 413, 472, 413, 473, 473, 413, 474, 474, 413, 415, 474, 415, 451, 475, 476, 477, 477, 476, 478, 477, 478, 479, 476, 475, 480, 480, 475, 481, 480, 481, 482, 482, 481, 483, 482, 483, 484, 484, 483, 485, 484, 485, 486, 486, 485, 487, 486, 487, 488, 488, 487, 489, 488, 489, 490, 490, 489, 491, 490, 491, 492, 492, 491, 493, 492, 493, 494, 494, 493, 495, 494, 495, 496, 496, 495, 497, 496, 497, 498, 498, 497, 499, 498, 499, 500, 500, 499, 501, 500, 501, 502, 502, 501, 503, 502, 503, 479, 479, 503, 477, 504, 505, 506, 506, 505, 507, 506, 507, 508, 508, 507, 509, 508, 509, 510, 510, 509, 31, 510, 31, 33, 510, 33, 511, 511, 33, 34, 511, 34, 512, 512, 34, 513, 512, 513, 514, 514, 513, 515, 514, 515, 516, 516, 515, 517, 516, 517, 518, 518, 517, 519, 519, 517, 520, 520, 517, 521, 521, 517, 515, 521, 515, 522, 522, 515, 513, 522, 513, 36, 36, 513, 34, 516, 518, 523, 523, 518, 504, 523, 504, 506, 523, 506, 508, 508, 510, 524, 524, 510, 511, 524, 511, 514, 514, 511, 512, 516, 523, 524, 524, 523, 508, 516, 524, 514, 44, 525, 42, 42, 525, 526, 42, 526, 41, 41, 526, 527, 41, 527, 39, 39, 527, 528, 39, 528, 37, 37, 528, 529, 37, 529, 522, 522, 529, 521, 521, 529, 530, 521, 530, 520, 525, 531, 526, 526, 531, 532, 526, 532, 527, 527, 532, 533, 527, 533, 528, 528, 533, 534, 528, 534, 529, 529, 534, 530, 531, 535, 532, 522, 36, 37, 536, 535, 537, 537, 535, 531, 537, 531, 538, 538, 531, 525, 538, 525, 539, 539, 525, 44, 539, 44, 46, 539, 46, 540, 540, 46, 47, 540, 47, 541, 541, 47, 542, 541, 542, 543, 543, 542, 544, 543, 544, 545, 545, 544, 546, 545, 546, 547, 547, 546, 548, 548, 546, 549, 549, 546, 550, 550, 546, 544, 550, 544, 551, 551, 544, 542, 551, 542, 49, 49, 542, 47, 545, 547, 552, 552, 547, 536, 552, 536, 537, 552, 537, 538, 538, 539, 553, 553, 539, 540, 553, 540, 543, 543, 540, 541, 545, 552, 553, 553, 552, 538, 545, 553, 543, 31, 509, 29, 29, 509, 554, 29, 554, 67, 67, 554, 555, 67, 555, 65, 65, 555, 556, 65, 556, 63, 63, 556, 557, 63, 557, 558, 558, 557, 559, 559, 557, 560, 559, 560, 561, 509, 507, 554, 554, 507, 562, 554, 562, 555, 555, 562, 563, 555, 563, 556, 556, 563, 564, 556, 564, 557, 557, 564, 560, 507, 505, 562, 558, 62, 63, 565, 566, 567, 567, 566, 568, 567, 568, 569, 569, 568, 570, 569, 570, 571, 571, 570, 57, 571, 57, 59, 571, 59, 572, 572, 59, 60, 572, 60, 573, 573, 60, 574, 573, 574, 575, 575, 574, 576, 575, 576, 577, 577, 576, 578, 577, 578, 579, 579, 578, 580, 580, 578, 561, 561, 578, 559, 559, 578, 576, 559, 576, 558, 558, 576, 574, 558, 574, 62, 62, 574, 60, 577, 579, 581, 581, 579, 565, 581, 565, 567, 581, 567, 569, 569, 571, 582, 582, 571, 572, 582, 572, 575, 575, 572, 573, 577, 581, 582, 582, 581, 569, 577, 582, 575, 583, 584, 585, 585, 584, 586, 585, 586, 587, 587, 586, 588, 587, 588, 589, 589, 588, 590, 589, 590, 591, 591, 590, 592, 591, 592, 593, 593, 592, 594, 593, 594, 595, 595, 594, 596, 595, 596, 597, 597, 596, 598, 597, 598, 599, 599, 598, 600, 600, 598, 596, 600, 596, 601, 601, 596, 594, 601, 594, 592, 588, 601, 590, 590, 601, 592, 599, 602, 597, 597, 602, 595, 602, 603, 595, 595, 603, 593, 604, 589, 603, 603, 589, 591, 603, 591, 593, 589, 604, 587, 587, 604, 605, 587, 605, 585, 585, 605, 583, 606, 607, 605, 605, 607, 583, 608, 609, 610, 610, 609, 611, 610, 611, 612, 612, 611, 613, 612, 613, 614, 614, 613, 615, 614, 615, 616, 616, 615, 617, 616, 617, 618, 609, 608, 619, 619, 608, 620, 619, 620, 621, 621, 620, 622, 621, 622, 623, 609, 613, 611, 616, 618, 624, 624, 618, 625, 624, 625, 626, 626, 625, 627, 626, 627, 628, 628, 627, 629, 628, 629, 630, 625, 629, 627, 630, 631, 628, 628, 631, 632, 628, 632, 633, 633, 632, 634, 633, 634, 635, 635, 634, 636, 635, 636, 637, 635, 637, 638, 638, 637, 639, 638, 639, 640, 640, 639, 641, 640, 641, 642, 642, 641, 643, 643, 641, 644, 643, 644, 645, 645, 644, 646, 646, 644, 647, 646, 647, 648, 648, 647, 649, 649, 647, 650, 649, 650, 651, 651, 650, 652, 651, 652, 653, 653, 652, 654, 653, 654, 655, 655, 654, 656, 655, 656, 657, 657, 656, 658, 657, 658, 659, 659, 658, 660, 659, 660, 661, 661, 660, 662, 661, 662, 663, 663, 662, 664, 664, 662, 665, 664, 665, 666, 666, 665, 667, 667, 665, 668, 667, 668, 669, 669, 668, 670, 669, 670, 671, 671, 670, 672, 671, 672, 673, 673, 672, 674, 674, 672, 675, 674, 675, 676, 676, 675, 677, 676, 677, 678, 678, 677, 634, 678, 634, 632, 666, 679, 664, 664, 679, 680, 664, 680, 681, 681, 680, 682, 681, 682, 683, 681, 683, 684, 684, 683, 685, 684, 685, 686, 686, 685, 687, 687, 685, 688, 687, 688, 689, 689, 688, 690, 690, 688, 691, 690, 691, 692, 692, 691, 693, 692, 693, 694, 694, 693, 695, 694, 695, 696, 696, 695, 697, 697, 695, 698, 697, 698, 699, 699, 698, 700, 700, 698, 701, 700, 701, 680, 680, 701, 682, 679, 700, 680, 692, 702, 690, 690, 702, 703, 689, 704, 687, 687, 704, 705, 687, 705, 686, 686, 705, 659, 686, 659, 661, 686, 661, 684, 684, 661, 663, 684, 663, 681, 681, 663, 664, 705, 704, 706, 706, 704, 707, 706, 707, 708, 706, 708, 655, 655, 708, 653, 643, 645, 709, 709, 645, 710, 709, 710, 612, 612, 710, 610, 626, 628, 633, 633, 635, 626, 626, 635, 638, 626, 638, 624, 624, 638, 640, 624, 640, 616, 616, 640, 642, 616, 642, 614, 614, 642, 709, 614, 709, 612, 643, 709, 642, 634, 677, 636, 636, 677, 711, 636, 711, 712, 636, 712, 637, 637, 712, 713, 637, 713, 639, 639, 713, 714, 639, 714, 641, 641, 714, 644, 644, 714, 647, 672, 715, 675, 675, 715, 711, 675, 711, 677, 715, 716, 712, 715, 712, 711, 715, 672, 717, 717, 672, 670, 717, 670, 718, 718, 670, 668, 718, 668, 662, 662, 668, 665, 716, 719, 713, 716, 713, 712, 716, 715, 717, 716, 717, 720, 720, 717, 718, 720, 718, 721, 721, 718, 662, 721, 662, 660, 719, 722, 714, 719, 714, 713, 719, 716, 720, 719, 720, 723, 723, 720, 721, 723, 721, 724, 724, 721, 660, 724, 660, 658, 650, 647, 722, 722, 647, 714, 722, 719, 723, 722, 723, 725, 725, 723, 724, 725, 724, 654, 654, 724, 658, 654, 658, 656, 652, 650, 725, 725, 650, 722, 654, 652, 725, 706, 655, 657, 705, 706, 657, 657, 659, 705, 698, 695, 701, 701, 695, 682, 695, 693, 682, 682, 693, 683, 693, 691, 683, 683, 691, 685, 691, 688, 685, 606, 726, 607, 607, 726, 727, 607, 727, 583, 583, 727, 584, 728, 729, 730, 730, 729, 731, 730, 731, 732, 726, 733, 732, 732, 733, 730, 730, 733, 734, 734, 733, 735, 734, 735, 736, 736, 735, 737, 736, 737, 738, 736, 738, 739, 739, 738, 740, 739, 740, 741, 741, 740, 742, 741, 742, 743, 743, 742, 744, 743, 744, 745, 745, 744, 746, 745, 746, 747, 747, 746, 748, 748, 746, 749, 748, 749, 750, 750, 749, 751, 751, 749, 752, 751, 752, 753, 753, 752, 754, 753, 754, 755, 755, 754, 756, 756, 754, 757, 756, 757, 273, 744, 758, 746, 746, 758, 749, 758, 759, 749, 749, 759, 752, 759, 760, 752, 752, 760, 754, 760, 757, 754, 755, 761, 753, 747, 762, 745, 745, 762, 743, 743, 762, 741, 741, 762, 763, 741, 763, 739, 739, 763, 764, 739, 764, 736, 736, 764, 765, 736, 765, 766, 736, 766, 734, 734, 766, 728, 734, 728, 730, 767, 768, 769, 769, 768, 770, 769, 770, 771, 771, 770, 772, 771, 772, 773, 773, 772, 774, 773, 774, 775, 775, 774, 776, 775, 776, 777, 777, 776, 630, 777, 630, 629, 768, 778, 770, 770, 778, 779, 770, 779, 772, 772, 779, 774, 778, 780, 779, 779, 780, 774, 774, 780, 776, 776, 780, 630, 777, 629, 781, 781, 629, 625, 781, 625, 782, 782, 625, 618, 782, 618, 783, 783, 618, 784, 783, 784, 785, 785, 784, 786, 785, 786, 787, 787, 786, 788, 787, 788, 789, 789, 788, 790, 790, 788, 791, 790, 791, 792, 792, 791, 793, 792, 793, 794, 794, 793, 795, 794, 795, 796, 796, 795, 797, 796, 797, 798, 798, 797, 621, 618, 617, 784, 784, 617, 615, 784, 615, 799, 799, 615, 613, 799, 613, 800, 800, 613, 609, 800, 609, 801, 801, 609, 619, 801, 619, 797, 797, 619, 621, 621, 802, 798, 798, 802, 796, 796, 802, 794, 794, 802, 803, 803, 804, 794, 794, 804, 792, 789, 805, 787, 787, 805, 806, 787, 806, 785, 785, 806, 807, 785, 807, 783, 783, 807, 782, 805, 808, 806, 806, 808, 809, 806, 809, 810, 810, 809, 811, 810, 811, 812, 812, 811, 813, 812, 813, 814, 814, 813, 775, 814, 775, 777, 811, 815, 813, 813, 815, 773, 813, 773, 775, 815, 771, 773, 814, 777, 781, 814, 781, 816, 816, 781, 782, 816, 782, 807, 810, 812, 816, 816, 812, 814, 810, 816, 807, 810, 807, 806, 784, 799, 786, 786, 799, 817, 786, 817, 788, 788, 817, 791, 799, 800, 817, 817, 800, 818, 817, 818, 791, 791, 818, 793, 800, 801, 818, 818, 801, 795, 818, 795, 793, 797, 795, 801, 819, 820, 623, 623, 820, 621, 821, 822, 819, 819, 822, 823, 819, 823, 820, 761, 755, 824, 824, 755, 756, 824, 756, 825, 825, 756, 275, 825, 275, 276, 756, 273, 275, 286, 826, 276, 276, 826, 827, 276, 827, 825, 825, 827, 828, 825, 828, 824, 286, 829, 826, 826, 829, 830, 826, 830, 831, 831, 830, 832, 831, 828, 826, 826, 828, 827, 726, 732, 727, 727, 732, 731, 727, 731, 833, 833, 731, 729, 834, 835, 833, 833, 835, 836, 833, 836, 727, 727, 836, 584, 584, 836, 837, 837, 836, 835, 584, 837, 586, 586, 837, 838, 586, 838, 839, 839, 838, 840, 839, 840, 841, 837, 835, 838, 838, 835, 840, 835, 834, 840, 839, 841, 842, 842, 841, 843, 842, 843, 844, 844, 843, 845, 844, 845, 846, 846, 845, 847, 846, 847, 600, 600, 847, 599, 599, 847, 848, 848, 847, 849, 849, 847, 850, 850, 847, 845, 846, 600, 844, 844, 600, 601, 844, 601, 842, 842, 601, 588, 842, 588, 839, 839, 588, 586, 599, 848, 851, 851, 848, 852, 851, 852, 853, 853, 852, 854, 853, 854, 855, 848, 849, 852, 852, 849, 856, 852, 856, 854, 854, 856, 857, 854, 857, 858, 849, 850, 856, 859, 860, 858, 858, 860, 854, 860, 859, 861, 861, 859, 862, 861, 862, 863, 863, 862, 864, 863, 864, 865, 865, 864, 866, 865, 866, 867, 867, 866, 868, 867, 868, 869, 869, 868, 870, 869, 870, 871, 871, 870, 872, 871, 872, 873, 873, 872, 874, 873, 874, 875, 875, 874, 876, 875, 877, 873, 873, 877, 878, 873, 878, 871, 871, 878, 879, 871, 879, 869, 869, 879, 880, 869, 880, 881, 877, 249, 878, 869, 881, 867, 867, 881, 882, 867, 882, 865, 865, 882, 883, 865, 883, 863, 863, 883, 884, 863, 884, 861, 861, 884, 885, 861, 885, 860, 860, 885, 855, 860, 855, 854, 886, 887, 876, 876, 887, 888, 876, 888, 875, 875, 888, 877, 877, 888, 312, 877, 312, 249, 887, 889, 888, 888, 889, 312, 312, 889, 313, 313, 889, 887, 313, 887, 890, 890, 887, 886, 890, 886, 891, 892, 893, 891, 891, 893, 894, 891, 894, 890, 890, 894, 315, 890, 315, 313, 893, 892, 895, 895, 892, 896, 895, 896, 897, 897, 896, 240, 232, 893, 237, 237, 893, 895, 237, 895, 897, 893, 232, 894, 894, 232, 315, 240, 237, 897, 830, 898, 832, 832, 898, 899, 832, 899, 900, 900, 899, 901, 900, 901, 902, 902, 901, 287, 902, 287, 289, 830, 829, 898, 898, 829, 286, 898, 286, 899, 899, 286, 287, 899, 287, 901, 289, 900, 902, 903, 904, 905, 905, 904, 906, 905, 906, 907, 907, 906, 908, 907, 908, 909, 910, 911, 909, 909, 911, 912, 909, 912, 907, 907, 912, 913, 907, 913, 905, 911, 910, 914, 914, 910, 915, 914, 915, 916, 916, 915, 917, 918, 911, 919, 919, 911, 914, 919, 914, 916, 911, 918, 912, 912, 918, 913, 917, 919, 916, 920, 921, 922, 922, 921, 923, 922, 923, 924, 924, 923, 925, 924, 925, 926, 926, 925, 918, 926, 918, 927, 927, 918, 928, 927, 928, 929, 929, 928, 930, 930, 928, 919, 930, 919, 931, 931, 919, 932, 932, 919, 917, 933, 934, 920, 920, 934, 935, 920, 935, 921, 921, 935, 936, 921, 936, 937, 937, 936, 938, 937, 938, 939, 939, 938, 940, 939, 940, 941, 942, 943, 933, 933, 943, 944, 933, 944, 945, 945, 944, 946, 945, 946, 947, 947, 946, 948, 947, 948, 949, 949, 948, 950, 949, 950, 951, 943, 942, 952, 952, 942, 953, 952, 953, 954, 954, 953, 955, 954, 955, 956, 956, 955, 957, 956, 957, 958, 958, 957, 959, 958, 959, 960, 960, 959, 961, 960, 961, 962, 962, 961, 963, 962, 963, 964, 964, 963, 965, 965, 963, 966, 965, 966, 967, 967, 966, 968, 968, 966, 969, 968, 969, 970, 970, 969, 971, 970, 971, 972, 972, 971, 973, 972, 973, 974, 974, 973, 975, 974, 975, 976, 976, 975, 977, 976, 977, 978, 978, 977, 979, 979, 977, 980, 979, 980, 981, 957, 982, 959, 959, 982, 983, 959, 983, 961, 961, 983, 984, 961, 984, 963, 963, 984, 966, 982, 985, 983, 983, 985, 986, 983, 986, 984, 984, 986, 969, 984, 969, 966, 986, 985, 971, 971, 985, 973, 976, 978, 987, 987, 978, 968, 987, 968, 970, 964, 988, 962, 962, 988, 989, 962, 989, 960, 960, 989, 990, 960, 990, 958, 958, 990, 956, 988, 991, 989, 989, 991, 992, 989, 992, 990, 990, 992, 993, 990, 993, 956, 956, 993, 994, 956, 994, 954, 954, 994, 995, 954, 995, 952, 952, 995, 943, 991, 996, 992, 992, 996, 997, 992, 997, 993, 993, 997, 998, 993, 998, 994, 994, 998, 995, 999, 1000, 996, 996, 1000, 998, 996, 998, 997, 950, 948, 999, 999, 948, 1001, 999, 1001, 1000, 1000, 1001, 1002, 1000, 1002, 995, 995, 1002, 943, 949, 951, 1003, 1003, 951, 940, 1003, 940, 938, 941, 903, 939, 939, 903, 905, 939, 905, 937, 937, 905, 1004, 937, 1004, 923, 923, 1004, 925, 905, 913, 1004, 1004, 913, 1005, 1004, 1005, 925, 925, 1005, 918, 913, 918, 1005, 918, 919, 928, 929, 1006, 927, 927, 1006, 926, 1006, 924, 926, 934, 933, 945, 921, 937, 923, 938, 936, 1003, 1003, 936, 1007, 1003, 1007, 949, 949, 1007, 947, 936, 935, 1007, 1007, 935, 934, 1007, 934, 947, 947, 934, 945, 946, 944, 1002, 1002, 944, 943, 948, 946, 1001, 1001, 946, 1002, 998, 1000, 995, 971, 969, 986, 970, 972, 987, 987, 972, 974, 987, 974, 976, 1008, 1009, 1010, 1010, 1009, 1011, 1010, 1011, 1012, 1012, 1011, 1013, 1014, 1015, 1012, 1012, 1015, 1016, 1012, 1016, 1010, 1010, 1016, 1017, 1017, 1016, 1018, 1018, 1016, 1015, 1017, 1018, 1019, 1019, 1018, 1020, 1019, 1020, 1021, 1021, 1020, 1022, 1021, 1022, 1023, 1018, 1015, 1020, 1020, 1015, 1022, 1015, 1014, 1022, 1021, 1023, 1024, 1024, 1023, 1025, 1024, 1025, 1026, 1026, 1025, 1027, 1026, 1027, 1028, 1028, 1027, 1029, 1028, 1029, 1030, 1030, 1029, 1031, 1031, 1029, 1032, 1032, 1029, 1033, 1033, 1029, 1034, 1034, 1029, 1027, 1028, 1030, 1026, 1026, 1030, 1035, 1026, 1035, 1024, 1024, 1035, 1036, 1024, 1036, 1021, 1021, 1036, 1019, 1037, 1038, 1039, 1039, 1038, 1040, 1039, 1040, 1041, 1041, 1040, 1042, 1041, 1042, 1043, 1043, 1042, 1044, 1043, 1044, 1045, 1045, 1044, 1046, 1045, 1046, 1047, 1038, 1037, 1048, 1048, 1037, 1049, 1048, 1049, 1050, 1050, 1049, 1051, 1050, 1051, 1052, 1038, 1042, 1040, 1045, 1047, 1053, 1053, 1047, 1054, 1053, 1054, 1055, 1055, 1054, 1056, 1055, 1056, 1057, 1057, 1056, 1058, 1057, 1058, 1059, 1054, 1058, 1056, 1059, 1060, 1057, 1057, 1060, 1061, 1057, 1061, 1062, 1062, 1061, 1063, 1062, 1063, 1064, 1064, 1063, 1065, 1064, 1065, 1066, 1064, 1066, 1067, 1067, 1066, 1068, 1067, 1068, 1069, 1069, 1068, 1070, 1069, 1070, 1071, 1071, 1070, 1072, 1072, 1070, 1073, 1072, 1073, 1074, 1074, 1073, 1075, 1075, 1073, 1076, 1075, 1076, 1077, 1077, 1076, 1078, 1078, 1076, 1079, 1078, 1079, 1080, 1080, 1079, 1081, 1080, 1081, 1082, 1082, 1081, 1083, 1082, 1083, 1084, 1084, 1083, 1085, 1084, 1085, 1086, 1086, 1085, 1087, 1086, 1087, 1088, 1088, 1087, 1089, 1088, 1089, 1090, 1090, 1089, 1091, 1090, 1091, 1092, 1092, 1091, 1093, 1093, 1091, 1094, 1093, 1094, 1095, 1095, 1094, 1096, 1096, 1094, 1097, 1096, 1097, 1098, 1098, 1097, 1099, 1098, 1099, 1100, 1100, 1099, 1101, 1100, 1101, 1102, 1102, 1101, 1103, 1103, 1101, 1104, 1103, 1104, 1105, 1105, 1104, 1106, 1105, 1106, 1107, 1107, 1106, 1063, 1107, 1063, 1061, 1095, 1108, 1093, 1093, 1108, 1109, 1093, 1109, 1110, 1110, 1109, 1111, 1110, 1111, 1112, 1110, 1112, 1113, 1113, 1112, 1114, 1113, 1114, 1115, 1115, 1114, 1116, 1116, 1114, 1117, 1116, 1117, 1118, 1118, 1117, 1119, 1119, 1117, 1120, 1119, 1120, 1121, 1121, 1120, 1122, 1121, 1122, 1123, 1123, 1122, 1124, 1123, 1124, 1125, 1125, 1124, 1126, 1126, 1124, 1127, 1126, 1127, 1128, 1128, 1127, 1129, 1129, 1127, 1130, 1129, 1130, 1109, 1109, 1130, 1111, 1108, 1129, 1109, 1121, 1131, 1119, 1119, 1131, 1132, 1118, 1133, 1116, 1116, 1133, 1134, 1116, 1134, 1115, 1115, 1134, 1088, 1115, 1088, 1090, 1115, 1090, 1113, 1113, 1090, 1092, 1113, 1092, 1110, 1110, 1092, 1093, 1134, 1133, 1135, 1135, 1133, 1136, 1135, 1136, 1137, 1135, 1137, 1084, 1084, 1137, 1082, 1072, 1074, 1138, 1138, 1074, 1139, 1138, 1139, 1041, 1041, 1139, 1039, 1055, 1057, 1062, 1062, 1064, 1055, 1055, 1064, 1067, 1055, 1067, 1053, 1053, 1067, 1069, 1053, 1069, 1045, 1045, 1069, 1071, 1045, 1071, 1043, 1043, 1071, 1138, 1043, 1138, 1041, 1072, 1138, 1071, 1063, 1106, 1065, 1065, 1106, 1140, 1065, 1140, 1141, 1065, 1141, 1066, 1066, 1141, 1142, 1066, 1142, 1068, 1068, 1142, 1143, 1068, 1143, 1070, 1070, 1143, 1073, 1073, 1143, 1076, 1101, 1144, 1104, 1104, 1144, 1140, 1104, 1140, 1106, 1144, 1145, 1141, 1144, 1141, 1140, 1144, 1101, 1146, 1146, 1101, 1099, 1146, 1099, 1147, 1147, 1099, 1097, 1147, 1097, 1091, 1091, 1097, 1094, 1145, 1148, 1142, 1145, 1142, 1141, 1145, 1144, 1146, 1145, 1146, 1149, 1149, 1146, 1147, 1149, 1147, 1150, 1150, 1147, 1091, 1150, 1091, 1089, 1148, 1151, 1143, 1148, 1143, 1142, 1148, 1145, 1149, 1148, 1149, 1152, 1152, 1149, 1150, 1152, 1150, 1153, 1153, 1150, 1089, 1153, 1089, 1087, 1079, 1076, 1151, 1151, 1076, 1143, 1151, 1148, 1152, 1151, 1152, 1154, 1154, 1152, 1153, 1154, 1153, 1083, 1083, 1153, 1087, 1083, 1087, 1085, 1081, 1079, 1154, 1154, 1079, 1151, 1083, 1081, 1154, 1135, 1084, 1086, 1134, 1135, 1086, 1086, 1088, 1134, 1127, 1124, 1130, 1130, 1124, 1111, 1124, 1122, 1111, 1111, 1122, 1112, 1122, 1120, 1112, 1112, 1120, 1114, 1120, 1117, 1114, 1155, 1156, 1157, 1157, 1156, 1158, 1157, 1158, 1159, 1159, 1158, 967, 1159, 967, 968, 1158, 965, 967, 978, 1160, 968, 968, 1160, 1161, 968, 1161, 1159, 1159, 1161, 1162, 1159, 1162, 1157, 978, 1163, 1160, 1160, 1163, 1164, 1160, 1164, 1165, 1165, 1164, 1166, 1165, 1162, 1160, 1160, 1162, 1161, 1167, 1008, 1168, 1168, 1008, 1010, 1168, 1010, 1169, 1169, 1010, 1017, 1170, 1013, 1171, 1171, 1013, 1011, 1171, 1011, 1009, 1008, 1172, 1009, 1009, 1172, 1171, 1171, 1172, 1173, 1173, 1172, 1174, 1173, 1174, 1175, 1175, 1174, 1176, 1175, 1176, 1177, 1175, 1177, 1178, 1178, 1177, 1179, 1178, 1179, 1180, 1180, 1179, 1181, 1180, 1181, 1182, 1182, 1181, 1183, 1182, 1183, 1184, 1184, 1183, 1185, 1184, 1185, 1186, 1186, 1185, 1187, 1187, 1185, 1188, 1187, 1188, 1189, 1189, 1188, 1190, 1190, 1188, 1191, 1190, 1191, 1192, 1192, 1191, 1193, 1192, 1193, 1156, 1156, 1193, 1158, 1158, 1193, 1194, 1158, 1194, 965, 1183, 1195, 1185, 1185, 1195, 1188, 1195, 1196, 1188, 1188, 1196, 1191, 1196, 1197, 1191, 1191, 1197, 1193, 1197, 1194, 1193, 1156, 1155, 1192, 1186, 1198, 1184, 1184, 1198, 1182, 1182, 1198, 1180, 1180, 1198, 1199, 1180, 1199, 1178, 1178, 1199, 1200, 1178, 1200, 1175, 1175, 1200, 1201, 1175, 1201, 1202, 1175, 1202, 1173, 1173, 1202, 1170, 1173, 1170, 1171, 1031, 1032, 1203, 1203, 1032, 1204, 1203, 1204, 1205, 1205, 1204, 1206, 1205, 1206, 1207, 1032, 1033, 1204, 1204, 1033, 1208, 1204, 1208, 1206, 1206, 1208, 1209, 1206, 1209, 1210, 1033, 1034, 1208, 1211, 1212, 1210, 1210, 1212, 1206, 1212, 1211, 1213, 1213, 1211, 1214, 1213, 1214, 1215, 1215, 1214, 1216, 1215, 1216, 1217, 1217, 1216, 1218, 1217, 1218, 1219, 1219, 1218, 1220, 1219, 1220, 1221, 1221, 1220, 1222, 1221, 1222, 1223, 1223, 1222, 1224, 1223, 1224, 1225, 1225, 1224, 1226, 1225, 1226, 1227, 1227, 1226, 1228, 1227, 1229, 1225, 1225, 1229, 1230, 1225, 1230, 1223, 1223, 1230, 1231, 1223, 1231, 1221, 1221, 1231, 1232, 1221, 1232, 1233, 1229, 941, 1230, 1221, 1233, 1219, 1219, 1233, 1234, 1219, 1234, 1217, 1217, 1234, 1235, 1217, 1235, 1215, 1215, 1235, 1236, 1215, 1236, 1213, 1213, 1236, 1237, 1213, 1237, 1212, 1212, 1237, 1207, 1212, 1207, 1206, 1238, 1239, 1240, 1240, 1239, 1241, 1240, 1241, 1242, 1242, 1241, 1243, 1244, 1245, 1242, 1242, 1245, 1246, 1242, 1246, 1240, 1240, 1246, 1247, 1247, 1246, 1248, 1248, 1246, 1245, 1249, 1250, 1251, 1251, 1250, 1252, 1250, 1249, 1253, 1253, 1249, 1254, 1247, 1248, 1255, 1255, 1248, 1256, 1255, 1256, 1257, 1257, 1256, 1258, 1257, 1258, 1259, 1248, 1245, 1256, 1256, 1245, 1258, 1245, 1244, 1258, 1257, 1259, 1260, 1260, 1259, 1261, 1260, 1261, 1262, 1262, 1261, 1263, 1262, 1263, 1264, 1264, 1263, 1265, 1264, 1265, 1266, 1266, 1265, 1267, 1267, 1265, 1268, 1268, 1265, 1269, 1269, 1265, 1270, 1270, 1265, 1263, 1264, 1266, 1262, 1262, 1266, 1271, 1262, 1271, 1260, 1260, 1271, 1272, 1260, 1272, 1257, 1257, 1272, 1255, 1273, 1274, 1251, 1251, 1274, 1275, 1251, 1275, 1249, 1276, 1277, 1278, 1276, 1278, 1279, 1279, 1278, 381, 1279, 381, 383, 1273, 1280, 1274, 1281, 1282, 380, 1281, 380, 1277, 1277, 380, 381, 1277, 381, 1278, 383, 1276, 1279, 1283, 1238, 1284, 1284, 1238, 1240, 1284, 1240, 1285, 1285, 1240, 1247, 367, 1286, 366, 366, 1286, 1287, 366, 1287, 1288, 1288, 1287, 1289, 1288, 1289, 1290, 1290, 1289, 1291, 1290, 1291, 1292, 1292, 1291, 1293, 1292, 1293, 1294, 1294, 1293, 1295, 1294, 1295, 1296, 1296, 1295, 1297, 1296, 1297, 1298, 1298, 1297, 1299, 1298, 1299, 1300, 1300, 1299, 1301, 1300, 1301, 1302, 1302, 1301, 1303, 1302, 1303, 1304, 1304, 1303, 1305, 1304, 1305, 1306, 1306, 1305, 1307, 1307, 1305, 1308, 1307, 1308, 1309, 1309, 1308, 1283, 1283, 1308, 1310, 1283, 1310, 1238, 1287, 1286, 1311, 1311, 1286, 1312, 1311, 1312, 1313, 1311, 1313, 1314, 1314, 1313, 1315, 1314, 1315, 1316, 1316, 1315, 1317, 1316, 1317, 1318, 1318, 1317, 1319, 1318, 1319, 1320, 1320, 1319, 1321, 1320, 1321, 1322, 1322, 1321, 1323, 1322, 1323, 1299, 1299, 1323, 1301, 1321, 1324, 1323, 1323, 1324, 1325, 1323, 1325, 1301, 1301, 1325, 1303, 1324, 1326, 1325, 1325, 1326, 1327, 1325, 1327, 1303, 1303, 1327, 1305, 1326, 1328, 1327, 1327, 1328, 1329, 1327, 1329, 1308, 1308, 1329, 1310, 1328, 1310, 1329, 1309, 1330, 1307, 1307, 1330, 1331, 1307, 1331, 1306, 1306, 1331, 1332, 1306, 1332, 1333, 1306, 1333, 1304, 1304, 1333, 1334, 1304, 1334, 1302, 1302, 1334, 1335, 1302, 1335, 1300, 1300, 1335, 1336, 1300, 1336, 1298, 1298, 1336, 1337, 1298, 1337, 1296, 1296, 1337, 1338, 1296, 1338, 1294, 1294, 1338, 1339, 1294, 1339, 1292, 1292, 1339, 1340, 1292, 1340, 1290, 1290, 1340, 1341, 1341, 1340, 1342, 1341, 1342, 393, 393, 1342, 1343, 393, 1343, 398, 398, 1343, 1344, 398, 1344, 401, 401, 1344, 1345, 401, 1345, 1346, 1346, 1345, 1347, 1346, 1347, 1348, 1348, 1347, 1349, 1348, 1349, 1350, 1350, 1349, 1351, 1350, 1351, 1352, 1352, 1351, 1353, 1352, 1353, 1354, 1354, 1353, 1355, 1354, 1355, 1356, 1356, 1355, 1357, 1356, 1357, 1358, 1358, 1357, 1359, 1358, 1359, 1360, 1360, 1359, 1361, 1360, 1361, 1362, 1362, 1361, 1363, 1362, 1363, 1364, 1364, 1363, 1365, 1365, 1363, 1366, 1365, 1366, 1267, 1267, 1366, 1367, 1267, 1367, 1368, 1368, 1367, 1369, 1368, 1369, 1370, 1370, 1369, 1371, 1370, 1371, 1332, 1332, 1371, 1372, 1332, 1372, 1333, 1333, 1372, 1373, 1333, 1373, 1334, 1334, 1373, 1374, 1334, 1374, 1335, 1335, 1374, 1375, 1335, 1375, 1336, 1336, 1375, 1376, 1336, 1376, 1337, 1337, 1376, 1377, 1337, 1377, 1338, 1338, 1377, 1378, 1338, 1378, 1339, 1339, 1378, 1379, 1339, 1379, 1340, 1340, 1379, 1342, 1342, 1379, 1343, 1330, 1380, 1331, 1331, 1380, 1370, 1331, 1370, 1332, 1380, 1368, 1370, 1381, 1382, 1267, 1267, 1382, 1383, 1267, 1383, 1365, 1365, 1383, 1364, 1382, 1381, 1384, 1384, 1381, 1385, 1384, 1385, 1386, 1386, 1385, 1387, 1386, 1387, 1388, 1388, 1387, 1389, 1388, 1389, 1390, 1390, 1389, 1391, 1390, 1391, 1392, 1392, 1391, 1393, 1392, 1393, 1356, 1392, 1356, 1358, 1389, 1394, 1391, 1391, 1394, 1395, 1391, 1395, 1396, 1396, 1395, 1397, 1396, 1397, 1352, 1396, 1352, 1354, 1394, 1398, 1395, 1395, 1398, 1399, 1395, 1399, 1397, 1397, 1399, 1400, 1397, 1400, 1350, 1397, 1350, 1352, 1398, 1401, 1399, 1399, 1401, 1402, 1399, 1402, 1403, 1403, 1402, 1404, 1403, 1404, 1405, 1405, 1404, 1406, 1405, 1406, 1407, 1407, 1406, 1408, 1407, 1408, 342, 342, 1408, 343, 1407, 342, 1409, 1409, 342, 353, 1409, 353, 1410, 1410, 353, 352, 1410, 352, 1346, 1346, 352, 401, 393, 390, 1341, 1341, 390, 1288, 1341, 1288, 1290, 390, 366, 1288, 1344, 1343, 1411, 1411, 1343, 1379, 1411, 1379, 1378, 1411, 1378, 1412, 1412, 1378, 1377, 1412, 1377, 1413, 1413, 1377, 1376, 1413, 1376, 1414, 1414, 1376, 1375, 1414, 1375, 1415, 1415, 1375, 1374, 1415, 1374, 1416, 1416, 1374, 1373, 1416, 1373, 1417, 1417, 1373, 1372, 1417, 1372, 1418, 1418, 1372, 1371, 1418, 1371, 1419, 1419, 1371, 1369, 1345, 1344, 1420, 1420, 1344, 1411, 1420, 1411, 1412, 1420, 1412, 1421, 1421, 1412, 1413, 1421, 1413, 1422, 1422, 1413, 1414, 1422, 1414, 1423, 1423, 1414, 1415, 1423, 1415, 1424, 1424, 1415, 1416, 1424, 1416, 1425, 1425, 1416, 1417, 1425, 1417, 1426, 1426, 1417, 1418, 1426, 1418, 1427, 1427, 1418, 1419, 1427, 1419, 1428, 1428, 1419, 1367, 1367, 1419, 1369, 1346, 1348, 1410, 1410, 1348, 1429, 1410, 1429, 1409, 1409, 1429, 1405, 1409, 1405, 1407, 1291, 1289, 1311, 1311, 1289, 1287, 1349, 1347, 1420, 1349, 1420, 1421, 1403, 1405, 1429, 1429, 1348, 1350, 1429, 1350, 1400, 1420, 1347, 1345, 1311, 1314, 1291, 1291, 1314, 1316, 1291, 1316, 1293, 1293, 1316, 1318, 1293, 1318, 1295, 1295, 1318, 1297, 1349, 1421, 1422, 1349, 1422, 1351, 1351, 1422, 1423, 1351, 1423, 1353, 1353, 1423, 1424, 1353, 1424, 1355, 1355, 1424, 1425, 1355, 1425, 1357, 1357, 1425, 1426, 1357, 1426, 1359, 1359, 1426, 1427, 1359, 1427, 1361, 1361, 1427, 1428, 1361, 1428, 1363, 1363, 1428, 1366, 1366, 1428, 1367, 1399, 1403, 1400, 1400, 1403, 1429, 1396, 1354, 1356, 1396, 1356, 1393, 1393, 1391, 1396, 1318, 1320, 1297, 1297, 1320, 1322, 1297, 1322, 1299, 1390, 1392, 1388, 1388, 1392, 1430, 1388, 1430, 1431, 1431, 1430, 1360, 1431, 1360, 1362, 1392, 1358, 1360, 1392, 1360, 1430, 1386, 1388, 1431, 1384, 1386, 1431, 1431, 1362, 1364, 1431, 1364, 1432, 1432, 1364, 1383, 1308, 1305, 1327, 1382, 1384, 1432, 1432, 1384, 1431, 1382, 1432, 1383, 1285, 1247, 1433, 1433, 1247, 1255, 1433, 1255, 1434, 1434, 1255, 1272, 1434, 1272, 1435, 1435, 1272, 1436, 1435, 1436, 1437, 1437, 1436, 1438, 1437, 1438, 1439, 1439, 1438, 1440, 1439, 1440, 1441, 1441, 1440, 1442, 1441, 1442, 1443, 1443, 1442, 1444, 1443, 1444, 1267, 1267, 1444, 1266, 1266, 1444, 1442, 1266, 1442, 1271, 1271, 1442, 1440, 1271, 1440, 1438, 1272, 1271, 1436, 1436, 1271, 1438, 1267, 1368, 1443, 1443, 1368, 1441, 1368, 1380, 1441, 1441, 1380, 1439, 1330, 1435, 1380, 1380, 1435, 1437, 1380, 1437, 1439, 1435, 1330, 1434, 1434, 1330, 1309, 1434, 1309, 1433, 1433, 1309, 1285, 1283, 1284, 1309, 1309, 1284, 1285, 57, 570, 55, 55, 570, 1445, 55, 1445, 54, 54, 1445, 1446, 54, 1446, 52, 52, 1446, 1447, 52, 1447, 50, 50, 1447, 1448, 50, 1448, 551, 551, 1448, 550, 550, 1448, 1449, 550, 1449, 549, 570, 568, 1445, 1445, 568, 1450, 1445, 1450, 1446, 1446, 1450, 1451, 1446, 1451, 1447, 1447, 1451, 1452, 1447, 1452, 1448, 1448, 1452, 1449, 568, 566, 1450, 551, 49, 50, 1453, 1454, 1455, 1455, 1454, 1456, 1455, 1456, 1457, 1457, 1456, 369, 1457, 369, 370, 1456, 367, 369, 380, 1458, 370, 370, 1458, 1459, 370, 1459, 1457, 1457, 1459, 1460, 1457, 1460, 1455, 380, 1282, 1458, 1461, 1280, 1273, 1461, 1273, 1462, 1462, 1273, 1251, 1462, 1463, 1461, 1458, 1460, 1459, 908, 906, 1228, 1228, 906, 1464, 1228, 1464, 1227, 1227, 1464, 1229, 1229, 1464, 903, 1229, 903, 941, 906, 904, 1464, 1464, 904, 903, 406, 1465, 407, 407, 1465, 1466, 407, 1466, 1467, 1467, 1466, 1468, 1467, 1468, 1469, 1470, 1471, 1469, 1469, 1471, 1472, 1469, 1472, 1467, 1467, 1472, 409, 1467, 409, 407, 1471, 1470, 1473, 1473, 1470, 1474, 1473, 1474, 1475, 1475, 1474, 334, 326, 1471, 331, 331, 1471, 1473, 331, 1473, 1475, 1471, 326, 1472, 1472, 326, 409, 334, 331, 1475, 965, 1194, 964, 964, 1194, 1476, 964, 1476, 1477, 1477, 1476, 1478, 1477, 1478, 1479, 1479, 1478, 1480, 1479, 1480, 1481, 1481, 1480, 1482, 1481, 1482, 1483, 1483, 1482, 1484, 1483, 1484, 1485, 1485, 1484, 1486, 1485, 1486, 1487, 1487, 1486, 1488, 1487, 1488, 1489, 1489, 1488, 1490, 1489, 1490, 1491, 1491, 1490, 1492, 1491, 1492, 1493, 1493, 1492, 1494, 1493, 1494, 1495, 1495, 1494, 1496, 1496, 1494, 1497, 1496, 1497, 1498, 1498, 1497, 1167, 1167, 1497, 1172, 1167, 1172, 1008, 1476, 1194, 1499, 1499, 1194, 1197, 1499, 1197, 1196, 1499, 1196, 1500, 1500, 1196, 1195, 1500, 1195, 1501, 1501, 1195, 1183, 1501, 1183, 1502, 1502, 1183, 1181, 1502, 1181, 1503, 1503, 1181, 1179, 1503, 1179, 1504, 1504, 1179, 1505, 1504, 1505, 1488, 1488, 1505, 1490, 1179, 1177, 1505, 1505, 1177, 1506, 1505, 1506, 1490, 1490, 1506, 1492, 1177, 1176, 1506, 1506, 1176, 1507, 1506, 1507, 1492, 1492, 1507, 1494, 1176, 1174, 1507, 1507, 1174, 1508, 1507, 1508, 1497, 1497, 1508, 1172, 1174, 1172, 1508, 1498, 1509, 1496, 1496, 1509, 1510, 1496, 1510, 1495, 1495, 1510, 1511, 1495, 1511, 1512, 1495, 1512, 1493, 1493, 1512, 1513, 1493, 1513, 1491, 1491, 1513, 1514, 1491, 1514, 1489, 1489, 1514, 1515, 1489, 1515, 1487, 1487, 1515, 1516, 1487, 1516, 1485, 1485, 1516, 1517, 1485, 1517, 1483, 1483, 1517, 1518, 1483, 1518, 1481, 1481, 1518, 1519, 1481, 1519, 1479, 1479, 1519, 1520, 1520, 1519, 1521, 1520, 1521, 991, 991, 1521, 1522, 991, 1522, 996, 996, 1522, 1523, 996, 1523, 999, 999, 1523, 1524, 999, 1524, 1525, 1525, 1524, 1526, 1525, 1526, 1527, 1527, 1526, 1528, 1527, 1528, 1529, 1529, 1528, 1530, 1529, 1530, 1531, 1531, 1530, 1532, 1531, 1532, 1533, 1533, 1532, 1534, 1533, 1534, 1535, 1535, 1534, 1536, 1535, 1536, 1537, 1537, 1536, 1538, 1537, 1538, 1539, 1539, 1538, 1540, 1539, 1540, 1541, 1541, 1540, 1542, 1541, 1542, 1543, 1543, 1542, 1544, 1544, 1542, 1545, 1544, 1545, 1031, 1031, 1545, 1546, 1031, 1546, 1547, 1547, 1546, 1548, 1547, 1548, 1549, 1549, 1548, 1550, 1549, 1550, 1511, 1511, 1550, 1551, 1511, 1551, 1512, 1512, 1551, 1552, 1512, 1552, 1513, 1513, 1552, 1553, 1513, 1553, 1514, 1514, 1553, 1554, 1514, 1554, 1515, 1515, 1554, 1555, 1515, 1555, 1516, 1516, 1555, 1556, 1516, 1556, 1517, 1517, 1556, 1557, 1517, 1557, 1518, 1518, 1557, 1558, 1518, 1558, 1519, 1519, 1558, 1521, 1521, 1558, 1522, 1509, 1559, 1510, 1510, 1559, 1549, 1510, 1549, 1511, 1559, 1547, 1549, 1203, 1560, 1031, 1031, 1560, 1561, 1031, 1561, 1544, 1544, 1561, 1543, 1560, 1203, 1562, 1562, 1203, 1205, 1562, 1205, 1563, 1563, 1205, 1207, 1563, 1207, 1564, 1564, 1207, 1237, 1564, 1237, 1565, 1565, 1237, 1566, 1565, 1566, 1567, 1567, 1566, 1568, 1567, 1568, 1535, 1567, 1535, 1537, 1237, 1236, 1566, 1566, 1236, 1569, 1566, 1569, 1570, 1570, 1569, 1571, 1570, 1571, 1531, 1570, 1531, 1533, 1236, 1235, 1569, 1569, 1235, 1572, 1569, 1572, 1571, 1571, 1572, 1573, 1571, 1573, 1529, 1571, 1529, 1531, 1235, 1234, 1572, 1572, 1234, 1233, 1572, 1233, 1574, 1574, 1233, 1232, 1574, 1232, 1575, 1575, 1232, 1231, 1575, 1231, 1576, 1576, 1231, 1230, 1576, 1230, 940, 940, 1230, 941, 1576, 940, 1577, 1577, 940, 951, 1577, 951, 1578, 1578, 951, 950, 1578, 950, 1525, 1525, 950, 999, 991, 988, 1520, 1520, 988, 1477, 1520, 1477, 1479, 988, 964, 1477, 1523, 1522, 1579, 1579, 1522, 1558, 1579, 1558, 1557, 1579, 1557, 1580, 1580, 1557, 1556, 1580, 1556, 1581, 1581, 1556, 1555, 1581, 1555, 1582, 1582, 1555, 1554, 1582, 1554, 1583, 1583, 1554, 1553, 1583, 1553, 1584, 1584, 1553, 1552, 1584, 1552, 1585, 1585, 1552, 1551, 1585, 1551, 1586, 1586, 1551, 1550, 1586, 1550, 1587, 1587, 1550, 1548, 1524, 1523, 1588, 1588, 1523, 1579, 1588, 1579, 1580, 1588, 1580, 1589, 1589, 1580, 1581, 1589, 1581, 1590, 1590, 1581, 1582, 1590, 1582, 1591, 1591, 1582, 1583, 1591, 1583, 1592, 1592, 1583, 1584, 1592, 1584, 1593, 1593, 1584, 1585, 1593, 1585, 1594, 1594, 1585, 1586, 1594, 1586, 1595, 1595, 1586, 1587, 1595, 1587, 1596, 1596, 1587, 1546, 1546, 1587, 1548, 1525, 1527, 1578, 1578, 1527, 1597, 1578, 1597, 1577, 1577, 1597, 1575, 1577, 1575, 1576, 1480, 1478, 1499, 1499, 1478, 1476, 1528, 1526, 1588, 1528, 1588, 1589, 1574, 1575, 1597, 1597, 1527, 1529, 1597, 1529, 1573, 1588, 1526, 1524, 1499, 1500, 1480, 1480, 1500, 1501, 1480, 1501, 1482, 1482, 1501, 1502, 1482, 1502, 1484, 1484, 1502, 1486, 1528, 1589, 1590, 1528, 1590, 1530, 1530, 1590, 1591, 1530, 1591, 1532, 1532, 1591, 1592, 1532, 1592, 1534, 1534, 1592, 1593, 1534, 1593, 1536, 1536, 1593, 1594, 1536, 1594, 1538, 1538, 1594, 1595, 1538, 1595, 1540, 1540, 1595, 1596, 1540, 1596, 1542, 1542, 1596, 1545, 1545, 1596, 1546, 1572, 1574, 1573, 1573, 1574, 1597, 1570, 1533, 1535, 1570, 1535, 1568, 1568, 1566, 1570, 1502, 1503, 1486, 1486, 1503, 1504, 1486, 1504, 1488, 1565, 1567, 1564, 1564, 1567, 1598, 1564, 1598, 1599, 1599, 1598, 1539, 1599, 1539, 1541, 1567, 1537, 1539, 1567, 1539, 1598, 1563, 1564, 1599, 1562, 1563, 1599, 1599, 1541, 1543, 1599, 1543, 1600, 1600, 1543, 1561, 1497, 1494, 1507, 1560, 1562, 1600, 1600, 1562, 1599, 1560, 1600, 1561, 1169, 1017, 1601, 1601, 1017, 1019, 1601, 1019, 1602, 1602, 1019, 1036, 1602, 1036, 1603, 1603, 1036, 1604, 1603, 1604, 1605, 1605, 1604, 1606, 1605, 1606, 1607, 1607, 1606, 1608, 1607, 1608, 1609, 1609, 1608, 1610, 1609, 1610, 1611, 1611, 1610, 1612, 1611, 1612, 1031, 1031, 1612, 1030, 1030, 1612, 1610, 1030, 1610, 1035, 1035, 1610, 1608, 1035, 1608, 1606, 1036, 1035, 1604, 1604, 1035, 1606, 1031, 1547, 1611, 1611, 1547, 1609, 1547, 1559, 1609, 1609, 1559, 1607, 1509, 1603, 1559, 1559, 1603, 1605, 1559, 1605, 1607, 1603, 1509, 1602, 1602, 1509, 1498, 1602, 1498, 1601, 1601, 1498, 1169, 1167, 1168, 1498, 1498, 1168, 1169, 1613, 1614, 1615, 1615, 1614, 1616, 1615, 1616, 1617, 1617, 1616, 1618, 1617, 1618, 1619, 1619, 1618, 1620, 1619, 1620, 1621, 1621, 1620, 1622, 1621, 1622, 1623, 1623, 1622, 1059, 1623, 1059, 1058, 1614, 1624, 1616, 1616, 1624, 1625, 1616, 1625, 1618, 1618, 1625, 1620, 910, 909, 1626, 1625, 1627, 1620, 1620, 1627, 1622, 1622, 1627, 1059, 1623, 1058, 1628, 1628, 1058, 1054, 1628, 1054, 1629, 1629, 1054, 1047, 1629, 1047, 1630, 1630, 1047, 1631, 1630, 1631, 1632, 1632, 1631, 1633, 1632, 1633, 1634, 1634, 1633, 1635, 1634, 1635, 1636, 1636, 1635, 1637, 1637, 1635, 1638, 1637, 1638, 1639, 1639, 1638, 1640, 1639, 1640, 1641, 1641, 1640, 1642, 1641, 1642, 1643, 1643, 1642, 1644, 1643, 1644, 1645, 1645, 1644, 1050, 1047, 1046, 1631, 1631, 1046, 1044, 1631, 1044, 1646, 1646, 1044, 1042, 1646, 1042, 1647, 1647, 1042, 1038, 1647, 1038, 1648, 1648, 1038, 1048, 1648, 1048, 1644, 1644, 1048, 1050, 1050, 1649, 1645, 1645, 1649, 1643, 1643, 1649, 1641, 1641, 1649, 1650, 1650, 1651, 1641, 1641, 1651, 1639, 1636, 1652, 1634, 1634, 1652, 1653, 1634, 1653, 1632, 1632, 1653, 1654, 1632, 1654, 1630, 1630, 1654, 1629, 1652, 1655, 1653, 1653, 1655, 1656, 1653, 1656, 1657, 1657, 1656, 1658, 1657, 1658, 1659, 1659, 1658, 1660, 1659, 1660, 1661, 1661, 1660, 1621, 1661, 1621, 1623, 1658, 1662, 1660, 1660, 1662, 1619, 1660, 1619, 1621, 1662, 1617, 1619, 1661, 1623, 1628, 1661, 1628, 1663, 1663, 1628, 1629, 1663, 1629, 1654, 1657, 1659, 1663, 1663, 1659, 1661, 1657, 1663, 1654, 1657, 1654, 1653, 1631, 1646, 1633, 1633, 1646, 1664, 1633, 1664, 1635, 1635, 1664, 1638, 1646, 1647, 1664, 1664, 1647, 1665, 1664, 1665, 1638, 1638, 1665, 1640, 1647, 1648, 1665, 1665, 1648, 1642, 1665, 1642, 1640, 1644, 1642, 1648, 273, 757, 272, 272, 757, 1666, 272, 1666, 1667, 1667, 1666, 1668, 1667, 1668, 1669, 1669, 1668, 1670, 1669, 1670, 1671, 1671, 1670, 1672, 1671, 1672, 1673, 1673, 1672, 1674, 1673, 1674, 1675, 1675, 1674, 1676, 1675, 1676, 1677, 1677, 1676, 1678, 1677, 1678, 1679, 1679, 1678, 1680, 1679, 1680, 1681, 1681, 1680, 1682, 1681, 1682, 1683, 1683, 1682, 1684, 1683, 1684, 1685, 1685, 1684, 1686, 1686, 1684, 1687, 1686, 1687, 605, 605, 1687, 606, 606, 1687, 733, 606, 733, 726, 1666, 757, 1688, 1688, 757, 760, 1688, 760, 759, 1688, 759, 1689, 1689, 759, 758, 1689, 758, 1690, 1690, 758, 744, 1690, 744, 1691, 1691, 744, 742, 1691, 742, 1692, 1692, 742, 740, 1692, 740, 1693, 1693, 740, 1694, 1693, 1694, 1678, 1678, 1694, 1680, 740, 738, 1694, 1694, 738, 1695, 1694, 1695, 1680, 1680, 1695, 1682, 738, 737, 1695, 1695, 737, 1696, 1695, 1696, 1682, 1682, 1696, 1684, 737, 735, 1696, 1696, 735, 1697, 1696, 1697, 1687, 1687, 1697, 733, 735, 733, 1697, 605, 604, 1686, 1686, 604, 1698, 1686, 1698, 1685, 1685, 1698, 1699, 1685, 1699, 1700, 1685, 1700, 1683, 1683, 1700, 1701, 1683, 1701, 1681, 1681, 1701, 1702, 1681, 1702, 1679, 1679, 1702, 1703, 1679, 1703, 1677, 1677, 1703, 1704, 1677, 1704, 1675, 1675, 1704, 1705, 1675, 1705, 1673, 1673, 1705, 1706, 1673, 1706, 1671, 1671, 1706, 1707, 1671, 1707, 1669, 1669, 1707, 1708, 1708, 1707, 1709, 1708, 1709, 299, 299, 1709, 1710, 299, 1710, 304, 304, 1710, 1711, 304, 1711, 307, 307, 1711, 1712, 307, 1712, 1713, 1713, 1712, 1714, 1713, 1714, 1715, 1715, 1714, 1716, 1715, 1716, 1717, 1717, 1716, 1718, 1717, 1718, 1719, 1719, 1718, 1720, 1719, 1720, 1721, 1721, 1720, 1722, 1721, 1722, 1723, 1723, 1722, 1724, 1723, 1724, 1725, 1725, 1724, 1726, 1725, 1726, 1727, 1727, 1726, 1728, 1727, 1728, 1729, 1729, 1728, 1730, 1729, 1730, 1731, 1731, 1730, 1732, 1732, 1730, 1733, 1732, 1733, 599, 599, 1733, 1734, 599, 1734, 602, 602, 1734, 1735, 602, 1735, 1736, 1736, 1735, 1737, 1736, 1737, 1699, 1699, 1737, 1738, 1699, 1738, 1700, 1700, 1738, 1739, 1700, 1739, 1701, 1701, 1739, 1740, 1701, 1740, 1702, 1702, 1740, 1741, 1702, 1741, 1703, 1703, 1741, 1742, 1703, 1742, 1704, 1704, 1742, 1743, 1704, 1743, 1705, 1705, 1743, 1744, 1705, 1744, 1706, 1706, 1744, 1745, 1706, 1745, 1707, 1707, 1745, 1709, 1709, 1745, 1710, 604, 603, 1698, 1698, 603, 1736, 1698, 1736, 1699, 603, 602, 1736, 851, 1746, 599, 599, 1746, 1747, 599, 1747, 1732, 1732, 1747, 1731, 1746, 851, 1748, 1748, 851, 853, 1748, 853, 1749, 1749, 853, 855, 1749, 855, 1750, 1750, 855, 885, 1750, 885, 1751, 1751, 885, 1752, 1751, 1752, 1753, 1753, 1752, 1754, 1753, 1754, 1723, 1753, 1723, 1725, 885, 884, 1752, 1752, 884, 1755, 1752, 1755, 1756, 1756, 1755, 1757, 1756, 1757, 1719, 1756, 1719, 1721, 884, 883, 1755, 1755, 883, 1758, 1755, 1758, 1757, 1757, 1758, 1759, 1757, 1759, 1717, 1757, 1717, 1719, 883, 882, 1758, 1758, 882, 881, 1758, 881, 1760, 1760, 881, 880, 1760, 880, 1761, 1761, 880, 879, 1761, 879, 1762, 1762, 879, 878, 1762, 878, 248, 248, 878, 249, 1762, 248, 1763, 1763, 248, 259, 1763, 259, 1764, 1764, 259, 258, 1764, 258, 1713, 1713, 258, 307, 299, 296, 1708, 1708, 296, 1667, 1708, 1667, 1669, 296, 272, 1667, 1711, 1710, 1765, 1765, 1710, 1745, 1765, 1745, 1744, 1765, 1744, 1766, 1766, 1744, 1743, 1766, 1743, 1767, 1767, 1743, 1742, 1767, 1742, 1768, 1768, 1742, 1741, 1768, 1741, 1769, 1769, 1741, 1740, 1769, 1740, 1770, 1770, 1740, 1739, 1770, 1739, 1771, 1771, 1739, 1738, 1771, 1738, 1772, 1772, 1738, 1737, 1772, 1737, 1773, 1773, 1737, 1735, 1712, 1711, 1774, 1774, 1711, 1765, 1774, 1765, 1766, 1774, 1766, 1775, 1775, 1766, 1767, 1775, 1767, 1776, 1776, 1767, 1768, 1776, 1768, 1777, 1777, 1768, 1769, 1777, 1769, 1778, 1778, 1769, 1770, 1778, 1770, 1779, 1779, 1770, 1771, 1779, 1771, 1780, 1780, 1771, 1772, 1780, 1772, 1781, 1781, 1772, 1773, 1781, 1773, 1782, 1782, 1773, 1734, 1734, 1773, 1735, 1713, 1715, 1764, 1764, 1715, 1783, 1764, 1783, 1763, 1763, 1783, 1761, 1763, 1761, 1762, 1670, 1668, 1688, 1688, 1668, 1666, 1716, 1714, 1774, 1716, 1774, 1775, 1760, 1761, 1783, 1783, 1715, 1717, 1783, 1717, 1759, 1774, 1714, 1712, 1688, 1689, 1670, 1670, 1689, 1690, 1670, 1690, 1672, 1672, 1690, 1691, 1672, 1691, 1674, 1674, 1691, 1676, 1716, 1775, 1776, 1716, 1776, 1718, 1718, 1776, 1777, 1718, 1777, 1720, 1720, 1777, 1778, 1720, 1778, 1722, 1722, 1778, 1779, 1722, 1779, 1724, 1724, 1779, 1780, 1724, 1780, 1726, 1726, 1780, 1781, 1726, 1781, 1728, 1728, 1781, 1782, 1728, 1782, 1730, 1730, 1782, 1733, 1733, 1782, 1734, 1758, 1760, 1759, 1759, 1760, 1783, 1756, 1721, 1723, 1756, 1723, 1754, 1754, 1752, 1756, 1691, 1692, 1676, 1676, 1692, 1693, 1676, 1693, 1678, 1751, 1753, 1750, 1750, 1753, 1784, 1750, 1784, 1785, 1785, 1784, 1727, 1785, 1727, 1729, 1753, 1725, 1727, 1753, 1727, 1784, 1749, 1750, 1785, 1748, 1749, 1785, 1785, 1729, 1731, 1785, 1731, 1786, 1786, 1731, 1747, 1687, 1684, 1696, 1746, 1748, 1786, 1786, 1748, 1785, 1746, 1786, 1747, 1468, 1466, 1787, 1787, 1466, 1788, 1787, 1788, 1789, 1789, 1788, 1790, 1790, 1788, 406, 1790, 406, 343, 1466, 1465, 1788, 1788, 1465, 406, 1164, 1791, 1166, 1166, 1791, 1792, 1166, 1792, 1793, 1793, 1792, 1794, 1793, 1794, 1795, 1795, 1794, 979, 1795, 979, 981, 1164, 1163, 1791, 1791, 1163, 978, 1791, 978, 1792, 1792, 978, 979, 1792, 979, 1794, 981, 1793, 1795, 1796, 1243, 1797, 1797, 1243, 1241, 1797, 1241, 1239, 1238, 1310, 1239, 1239, 1310, 1797, 1797, 1310, 1798, 1798, 1310, 1328, 1798, 1328, 1799, 1799, 1328, 1326, 1799, 1326, 1324, 1799, 1324, 1800, 1800, 1324, 1321, 1800, 1321, 1801, 1801, 1321, 1319, 1801, 1319, 1802, 1802, 1319, 1317, 1802, 1317, 1803, 1803, 1317, 1804, 1803, 1804, 1805, 1805, 1804, 1806, 1806, 1804, 1807, 1806, 1807, 1808, 1808, 1807, 1809, 1809, 1807, 1810, 1809, 1810, 1811, 1811, 1810, 1812, 1811, 1812, 1454, 1454, 1812, 1456, 1456, 1812, 1286, 1456, 1286, 367, 1317, 1315, 1804, 1804, 1315, 1807, 1315, 1313, 1807, 1807, 1313, 1810, 1313, 1312, 1810, 1810, 1312, 1812, 1312, 1286, 1812, 1454, 1453, 1811, 1805, 1813, 1803, 1803, 1813, 1802, 1802, 1813, 1801, 1801, 1813, 1814, 1801, 1814, 1800, 1800, 1814, 1815, 1800, 1815, 1799, 1799, 1815, 1816, 1799, 1816, 1817, 1799, 1817, 1798, 1798, 1817, 1796, 1798, 1796, 1797, 1267, 1268, 1381, 1381, 1268, 1818, 1381, 1818, 1385, 1385, 1818, 1819, 1385, 1819, 1387, 1268, 1269, 1818, 1818, 1269, 1820, 1818, 1820, 1819, 1819, 1820, 1821, 1819, 1821, 1822, 1269, 1270, 1820, 1823, 1824, 1822, 1822, 1824, 1819, 1824, 1823, 1825, 1825, 1823, 1826, 1825, 1826, 1827, 1827, 1826, 1828, 1827, 1828, 1829, 1829, 1828, 1830, 1829, 1830, 1831, 1831, 1830, 1832, 1831, 1832, 1833, 1833, 1832, 1834, 1833, 1834, 1835, 1835, 1834, 1836, 1835, 1836, 1837, 1837, 1836, 1838, 1837, 1838, 1789, 1789, 1838, 1787, 1789, 1790, 1837, 1837, 1790, 1408, 1837, 1408, 1835, 1835, 1408, 1406, 1835, 1406, 1833, 1833, 1406, 1404, 1833, 1404, 1402, 1790, 343, 1408, 1833, 1402, 1831, 1831, 1402, 1401, 1831, 1401, 1829, 1829, 1401, 1398, 1829, 1398, 1827, 1827, 1398, 1394, 1827, 1394, 1825, 1825, 1394, 1389, 1825, 1389, 1824, 1824, 1389, 1387, 1824, 1387, 1819, 1839, 1840, 1841, 1841, 1840, 1842, 1841, 1842, 1843, 1843, 1842, 1844, 1843, 1844, 1845, 1845, 1844, 1846, 1845, 1846, 1847, 1847, 1846, 1848, 1847, 1848, 1849, 1840, 1839, 1850, 1850, 1839, 1463, 1850, 1463, 1252, 1252, 1463, 1462, 1252, 1462, 1251, 1840, 1844, 1842, 1847, 1849, 1851, 1851, 1849, 1852, 1851, 1852, 1853, 1853, 1852, 1854, 1853, 1854, 1855, 1855, 1854, 1856, 1855, 1856, 1857, 1852, 1856, 1854, 1857, 1858, 1855, 1855, 1858, 1859, 1855, 1859, 1860, 1860, 1859, 1861, 1860, 1861, 1862, 1862, 1861, 1863, 1862, 1863, 1864, 1862, 1864, 1865, 1865, 1864, 1866, 1865, 1866, 1867, 1867, 1866, 1868, 1867, 1868, 1869, 1869, 1868, 1870, 1870, 1868, 1871, 1870, 1871, 1872, 1872, 1871, 1873, 1873, 1871, 1874, 1873, 1874, 1875, 1875, 1874, 1876, 1876, 1874, 1877, 1876, 1877, 1878, 1878, 1877, 1879, 1878, 1879, 1880, 1880, 1879, 1881, 1880, 1881, 1882, 1882, 1881, 1883, 1882, 1883, 1884, 1884, 1883, 1885, 1884, 1885, 1886, 1886, 1885, 1887, 1886, 1887, 1888, 1888, 1887, 1889, 1888, 1889, 1890, 1890, 1889, 1891, 1891, 1889, 1892, 1891, 1892, 1893, 1893, 1892, 1894, 1894, 1892, 1895, 1894, 1895, 1896, 1896, 1895, 1897, 1896, 1897, 1898, 1898, 1897, 1899, 1898, 1899, 1900, 1900, 1899, 1901, 1901, 1899, 1902, 1901, 1902, 1903, 1903, 1902, 1904, 1903, 1904, 1905, 1905, 1904, 1861, 1905, 1861, 1859, 1893, 1906, 1891, 1891, 1906, 1907, 1891, 1907, 1908, 1908, 1907, 1909, 1908, 1909, 1910, 1908, 1910, 1911, 1911, 1910, 1912, 1911, 1912, 1913, 1913, 1912, 1914, 1914, 1912, 1915, 1914, 1915, 1916, 1916, 1915, 1917, 1917, 1915, 1918, 1917, 1918, 1919, 1919, 1918, 1920, 1919, 1920, 1921, 1921, 1920, 1922, 1921, 1922, 1923, 1923, 1922, 1924, 1924, 1922, 1925, 1924, 1925, 1926, 1926, 1925, 1927, 1927, 1925, 1928, 1927, 1928, 1907, 1907, 1928, 1909, 1906, 1927, 1907, 1919, 1929, 1917, 1917, 1929, 1930, 1916, 1931, 1914, 1914, 1931, 1932, 1914, 1932, 1913, 1913, 1932, 1886, 1913, 1886, 1888, 1913, 1888, 1911, 1911, 1888, 1890, 1911, 1890, 1908, 1908, 1890, 1891, 1932, 1931, 1933, 1933, 1931, 1934, 1933, 1934, 1935, 1933, 1935, 1882, 1882, 1935, 1880, 1870, 1872, 1936, 1936, 1872, 1937, 1936, 1937, 1843, 1843, 1937, 1841, 1853, 1855, 1860, 1860, 1862, 1853, 1853, 1862, 1865, 1853, 1865, 1851, 1851, 1865, 1867, 1851, 1867, 1847, 1847, 1867, 1869, 1847, 1869, 1845, 1845, 1869, 1936, 1845, 1936, 1843, 1870, 1936, 1869, 1861, 1904, 1863, 1863, 1904, 1938, 1863, 1938, 1939, 1863, 1939, 1864, 1864, 1939, 1940, 1864, 1940, 1866, 1866, 1940, 1941, 1866, 1941, 1868, 1868, 1941, 1871, 1871, 1941, 1874, 1899, 1942, 1902, 1902, 1942, 1938, 1902, 1938, 1904, 1942, 1943, 1939, 1942, 1939, 1938, 1942, 1899, 1944, 1944, 1899, 1897, 1944, 1897, 1945, 1945, 1897, 1895, 1945, 1895, 1889, 1889, 1895, 1892, 1943, 1946, 1940, 1943, 1940, 1939, 1943, 1942, 1944, 1943, 1944, 1947, 1947, 1944, 1945, 1947, 1945, 1948, 1948, 1945, 1889, 1948, 1889, 1887, 1946, 1949, 1941, 1946, 1941, 1940, 1946, 1943, 1947, 1946, 1947, 1950, 1950, 1947, 1948, 1950, 1948, 1951, 1951, 1948, 1887, 1951, 1887, 1885, 1877, 1874, 1949, 1949, 1874, 1941, 1949, 1946, 1950, 1949, 1950, 1952, 1952, 1950, 1951, 1952, 1951, 1881, 1881, 1951, 1885, 1881, 1885, 1883, 1879, 1877, 1952, 1952, 1877, 1949, 1881, 1879, 1952, 1933, 1882, 1884, 1932, 1933, 1884, 1884, 1886, 1932, 1925, 1922, 1928, 1928, 1922, 1909, 1922, 1920, 1909, 1909, 1920, 1910, 1920, 1918, 1910, 1910, 1918, 1912, 1918, 1915, 1912, 1953, 1954, 1955, 1955, 1954, 1956, 1955, 1956, 1957, 1957, 1956, 1958, 1957, 1958, 1959, 1959, 1958, 1960, 1959, 1960, 1961, 1961, 1960, 1962, 1961, 1962, 1963, 1963, 1962, 1857, 1963, 1857, 1856, 1954, 1964, 1956, 1956, 1964, 1965, 1956, 1965, 1958, 1958, 1965, 1960, 1470, 1469, 1966, 1965, 1967, 1960, 1960, 1967, 1962, 1962, 1967, 1857, 1963, 1856, 1968, 1968, 1856, 1852, 1968, 1852, 1969, 1969, 1852, 1849, 1969, 1849, 1970, 1970, 1849, 1971, 1970, 1971, 1972, 1972, 1971, 1973, 1972, 1973, 1974, 1974, 1973, 1975, 1974, 1975, 1976, 1976, 1975, 1977, 1977, 1975, 1978, 1977, 1978, 1979, 1979, 1978, 1980, 1979, 1980, 1981, 1981, 1980, 1982, 1981, 1982, 1983, 1983, 1982, 1984, 1983, 1984, 1985, 1985, 1984, 1252, 1849, 1848, 1971, 1971, 1848, 1846, 1971, 1846, 1986, 1986, 1846, 1844, 1986, 1844, 1987, 1987, 1844, 1840, 1987, 1840, 1988, 1988, 1840, 1850, 1988, 1850, 1984, 1984, 1850, 1252, 1252, 1989, 1985, 1985, 1989, 1983, 1983, 1989, 1981, 1981, 1989, 1990, 1990, 1991, 1981, 1981, 1991, 1979, 1976, 1992, 1974, 1974, 1992, 1993, 1974, 1993, 1972, 1972, 1993, 1994, 1972, 1994, 1970, 1970, 1994, 1969, 1992, 1995, 1993, 1993, 1995, 1996, 1993, 1996, 1997, 1997, 1996, 1998, 1997, 1998, 1999, 1999, 1998, 2000, 1999, 2000, 2001, 2001, 2000, 1961, 2001, 1961, 1963, 1998, 2002, 2000, 2000, 2002, 1959, 2000, 1959, 1961, 2002, 1957, 1959, 2001, 1963, 1968, 2001, 1968, 2003, 2003, 1968, 1969, 2003, 1969, 1994, 1997, 1999, 2003, 2003, 1999, 2001, 1997, 2003, 1994, 1997, 1994, 1993, 1971, 1986, 1973, 1973, 1986, 2004, 1973, 2004, 1975, 1975, 2004, 1978, 1986, 1987, 2004, 2004, 1987, 2005, 2004, 2005, 1978, 1978, 2005, 1980, 1987, 1988, 2005, 2005, 1988, 1982, 2005, 1982, 1980, 1984, 1982, 1988, 2006, 2007, 1052, 1052, 2007, 1050, 2007, 2006, 2008, 2008, 2006, 2009]
                                        rel material:binding = </scene/Prop/Prop_mesh/Materials/Prop5in>
                                        normal3f[] normals = [(-0.6370708, 0.30680478, 0.7071151), (-0.6459745, 0.28760594, 0.7071066), (-0.7071132, 5.050097e-7, 0.7071004), (-0.70710635, 3.282107e-7, 0.70710725), (-0.6459752, -0.2876061, 0.707106), (-0.473138, 0.52548975, 0.70710754), (-0.44088393, 0.5528359, 0.7071025), (-0.21850741, 0.672499, 0.70710653), (-0.15733762, 0.68937904, 0.7071078), (0.07392344, 0.7032344, 0.70710456), (0.15732093, 0.68938345, 0.70710725), (0.35355943, 0.61237246, 0.7071037), (0.44088295, 0.5528354, 0.70710343), (0.5720745, 0.41562366, 0.7070981), (0.63706946, 0.3068056, 0.7071159), (0.6916619, 0.1470144, 0.70710015), (0.70710593, -4.362082e-7, 0.70710766), (0.6916627, -0.1470144, 0.7070994), (0.63707036, -0.30680603, 0.7071149), (0.5720748, -0.41562444, 0.7070975), (0.44088253, -0.5528357, 0.70710343), (0.3535593, -0.6123724, 0.70710385), (0.15736485, -0.68937534, 0.70710534), (0.07392333, -0.70323426, 0.7071046), (-0.15733756, -0.6893792, 0.70710766), (-0.21850711, -0.6724993, 0.70710635), (-0.44088432, -0.5528362, 0.70710194), (-0.4731385, -0.52549, 0.7071069), (-0.637071, -0.306805, 0.70711476), (-0.000008182776, 0.000002190471, 1), (-3.5997903e-7, -2.0739702e-7, 1), (-0.000010728836, 0.00001411885, 1), (-2.1907474e-7, -2.2313817e-7, 1), (-0.0000049173827, 0.000019714234, 1), (0.000009901822, -0.0000140704215, 1), (-2.1053465e-7, -1.2926834e-7, 1), (-0.0000035911798, 0.000023022294, 1), (-0.000029899184, 0.000010088087, 1), (-2.282099e-7, -1.4875003e-7, 1), (0.000018199906, -0.00001603365, 1), (-6.378177e-8, -1.4279213e-7, 1), (0.000021245332, 0.000004410744, 1), (0.000014059247, 0.000001192093, 1), (-2.0829786e-7, -2.3583628e-7, 1), (0.000017233193, 0.0000014528632, 1), (-1.041165e-7, -1.8032415e-7, 1), (0.000019349158, -0.000008694828, 1), (-0.00001616776, -6.183982e-7, 1), (-1.360685e-8, -5.428961e-8, 1), (0.00002153218, -0.000008978882, 1), (0.000024273992, 0.000020835549, 1), (-4.9652748e-8, -1.9185443e-7, 1), (-0.0000014007092, 0.0000269562, 1), (-2.5682033e-7, -2.458296e-7, 1), (-0.000005677343, -0.000021502377, 1), (-0.0000056251884, -0.000012218952, 1), (-2.1493592e-7, -1.4217893e-7, 1), (-0.000007841736, -0.000015467405, 1), (7.596665e-8, -1.4782509e-7, 1), (-0.000017227605, -0.000012695789, 1), (0.00000782311, 0.000014044344, 1), (-3.7715637e-8, -1.0688164e-7, 1), (-0.00001887232, -0.000014722347, 1), (0.000004716217, -0.00003187358, 1), (-4.1642608e-7, -1.5559148e-7, 1), (0.000025331978, -0.000012196602, 1), (-2.337736e-7, -1.6764162e-7, 1), (-0.000006482005, -0.000024154782, 1), (-0.52942055, 0.84835964, -0.000011816623), (-0.2627633, 0.9648604, -0.000017791986), (-0.50460666, 0.86334944, -0.00002002716), (-0.26892158, 0.9631622, -0.00015595557), (-0.04429838, 0.9990184, 0.0000391379), (0.026067875, 0.99966025, 0.0000133086), (0.15217116, 0.98835427, -0.000002563), (0.31271434, 0.9498473, -0.000006906689), (0.31516445, 0.9490371, -0.0000014156103), (0.42545888, 0.90497786, -0.000028781596), (0.5728995, 0.81962574, 0.00000478793), (0.47301584, 0.88105404, 0.0000012852253), (0.51545525, 0.85691655, 0.000034015626), (0.52383196, 0.85182154, 0.00039294548), (0.59370214, 0.8046849, 0.000020929263), (0.7263256, 0.68735087, -0.000032186508), (0.6847261, 0.72880054, -0.00007287192), (0.7653016, 0.643672, -0.000020973153), (0.7845774, 0.620031, -0.000009119511), (0.7046736, 0.70953166, -0.000027507544), (0.65775037, 0.75323606, -0.000013653191), (0.63486594, 0.77262235, 0.000018924475), (0.6129039, 0.79015756, 0.00006469805), (0.60106647, 0.79919904, 0.000005824375), (0.5962714, 0.80278295, -0.0000035604467), (0.879493, 0.47591186, 0.0000076293945), (0.8886979, 0.45849332, 0.000025085174), (0.9628357, 0.2700877, -0.000014134916), (0.9726923, 0.23209853, -0.0000015795231), (0.9964893, 0.0837202, 0.000016925622), (0.9996197, -0.027579146, 0.0000021159651), (0.9999349, -0.011411566, -0.000016679987), (0.9937444, -0.111679256, -0.000028483573), (0.9764228, -0.21586728, -0.00008013845), (0.95841384, -0.2853823, -0.000032484535), (0.94762945, -0.31937194, -0.000041037798), (0.8519127, -0.5236839, 0.000009715557), (0.85392725, -0.5203924, 0.00003155694), (0.7807606, -0.62483037, 0.000076442964), (0.687317, -0.7263576, -0.000007390976), (0.6867633, -0.7268693, -0.0041562594), (0.4755925, -0.87966573, -0.000425458), (0.23539385, -0.97190017, 0.000005304814), (0.4755925, -0.87966573, -0.000425458), (0.40025273, -0.9164048, 0.000067508554), (0.28880695, -0.9573874, -0.00009590783), (0.42338884, -0.9059481, 0.0000044795743), (0.4843869, -0.874854, 0.000030376254), (0.5265089, -0.8501696, 0.0000075139105), (0.5709765, -0.8209665, 0.000004931353), (0.66621304, -0.7457616, -0.0000065267086), (0.66430783, -0.7474592, -0.0000016125853), (0.77985495, -0.6259604, -0.0000022915192), (0.85269326, -0.522412, 0.000012233853), (0.8873247, -0.4611452, 0.000039745122), (0.9669827, -0.25484225, -0.000017911198), (0.96858406, -0.24868652, -0.00015473297), (0.9999858, 0.005343173, -0.000007510186), (0.9994112, 0.034311745, -0.000008612872), (0.1446719, -0.98947966, -0.00000925362), (0.2621546, -0.9650259, 0.000016883016), (0.32343796, -0.9462494, -0.0000022780152), (0.35163698, -0.93613654, -9.834768e-7), (0.37784296, -0.92586976, 0.00006520283), (0.39159405, -0.9201381, 0.0000013260869), (0.39713943, -0.9177583, -0.0000013211975), (0.17477755, -0.98460793, 0.000004243222), (-0.020722564, -0.9997853, 0.000013947487), (-0.047254827, -0.99888295, -0.000011896249), (-0.24752325, -0.96888196, 0.000021962915), (-0.27542642, -0.9613222, -0.0000095665455), (-0.4257219, -0.9048541, -0.000006101677), (-0.51190424, -0.8590425, -0.000026136637), (-0.50984144, -0.8602685, -0.000033216555), (-0.59357846, -0.8047761, -0.00005206465), (-0.67517376, -0.73765874, -0.000055402517), (-0.7143963, -0.6997413, -0.000019967556), (-0.7503693, -0.66101897, -0.000025302175), (-0.8694336, -0.4940499, -0.0000034868717), (-0.8776423, -0.47931635, 0.000045039695), (-0.93150115, -0.36373848, 0.00006470084), (-0.9668257, -0.25543705, -0.000008046628), (-0.9729576, -0.2309611, -0.0032568052), (-1, 0.000014441088, 0.000015616417), (-0.9999992, 0.0012296772, 0.00001723645), (-0.99990535, 0.013765938, 0.0000036060815), (-0.9996184, 0.027620215, 0.00055551535), (-0.9584277, 0.2853354, -0.000023692846), (-0.9996184, 0.027620215, 0.00055551535), (-0.99373347, 0.11177504, -0.0003012895), (-0.9735243, 0.22858359, -0.00007031985), (-0.9962685, 0.08630868, 0.000004138274), (-0.9998391, 0.017936982, 0.000034240773), (-0.99952304, -0.03088276, -0.0000022957101), (-0.99646616, -0.083995655, 0.000004711561), (-0.9789549, -0.2040768, -0.0000069737434), (-0.9794724, -0.20157877, -0.0000016628476), (-0.932025, -0.3623939, -0.000002184417), (-0.8787686, -0.4772482, 0.000012099743), (-0.8430257, -0.5378733, 0.00003978703), (-0.70419115, -0.7100105, -0.000018656254), (-0.69966096, -0.71447504, -0.00015528245), (-0.4953611, -0.86868715, -0.0000064224005), (-0.4699911, -0.8826712, -0.000009804964), (-0.92925036, 0.3694508, -0.000009685755), (-0.96680933, 0.2554993, -0.000026755039), (-0.9811968, 0.19301029, -0.00001406111), (-0.9865435, 0.16349927, 0.000019337984), (-0.9907489, 0.13570797, 0.00006453786), (-0.9926595, 0.120942995, 0.000005297945), (-0.9933706, 0.114956565, -0.0000027741773), (-0.9400872, 0.34093416, -0.000020709005), (-0.85189825, 0.5237074, 0.000007838011), (-0.841416, 0.54038805, 0.00002493733), (-0.7153205, 0.6987965, -0.00001437217), (-0.6873495, 0.7263268, -0.0000019669535), (-0.5707486, 0.8211249, 0.000017029932), (-0.47592545, 0.8794856, 0.000004261732), (-0.490072, 0.8716819, -0.000028505921), (-0.4001549, 0.9164475, -0.000029884279), (-0.30126435, 0.9535407, -0.00008237362), (-0.23205763, 0.97270215, -0.000027567152), (-0.19722971, 0.9803573, -0.00003072619), (0.027567193, 0.99961996, 0.000010341406), (0.02370923, 0.99971896, 0.000031497762), (0.1507386, 0.9885737, 0.00007984042), (0.28538573, 0.95841277, -0.0000070631504), (0.2861823, 0.95816654, -0.004077111), (0.52383196, 0.85182154, 0.00039294548), (-0.9009689, 0.4338839, 6.7120375e-8), (-0.9009689, 0.4338836, 5.1868135e-8), (-1, -1.946067e-8, -1.1599463e-15), (-1, -1.6541564e-7, -4.639784e-15), (-0.9009689, -0.43388376, -6.9157515e-8), (-0.9009689, -0.4338839, -6.9157544e-8), (-0.6234899, -0.7818315, -1.5560443e-7), (-0.62348986, -0.78183156, -1.5560445e-7), (-0.22252098, -0.974928, -2.4205136e-7), (-0.222521, -0.9749279, -1.810425e-7), (0.22252096, -0.9749279, -2.3390268e-7), (0.22252096, -0.9749279, -1.728938e-7), (0.62348986, -0.78183144, -1.5560443e-7), (0.6234898, -0.78183156, -1.5560444e-7), (0.90096885, -0.43388388, -6.9157515e-8), (0.9009689, -0.4338838, -6.915754e-8), (1, -2.3352804e-7, 2.3198926e-15), (1, 1.1676401e-7, 0), (0.90096897, 0.4338837, 6.915754e-8), (0.90096897, 0.4338838, 5.390531e-8), (0.62348986, 0.78183144, 1.1898852e-7), (0.6234899, 0.7818314, 1.0373629e-7), (0.222521, 0.9749279, 1.7289383e-7), (0.22252098, 0.974928, 1.7289386e-7), (-0.22252096, 0.9749279, 1.7289385e-7), (-0.22252099, 0.9749279, 1.7289382e-7), (-0.62348986, 0.7818315, 1.2102569e-7), (-0.6234899, 0.7818314, 1.0577346e-7), (-0.07603971, -0.9841036, 0.16049318), (0.13409558, -0.9289414, 0.3450889), (0.1446719, -0.98947966, -0.00000925362), (0.3392624, -0.90063286, 0.271591), (0.2621546, -0.9650259, 0.000016883016), (0.40845135, -0.8819675, 0.23516124), (0.43836224, -0.8723637, 0.21637937), (0.59039295, -0.8031131, 0.08028423), (0.5128489, -0.8443991, 0.15484235), (0.57118535, -0.8169856, 0.079258785), (0.35163698, -0.93613654, -9.834768e-7), (0.37784296, -0.92586976, 0.00006520283), (0.44546023, -0.89529634, 0.0031131438), (0.39159405, -0.9201381, 0.0000013260869), (0.39713943, -0.9177583, -0.0000013211975), (0.40025273, -0.9164048, 0.000067508554), (-0.35180938, -0.9208253, 0.16825882), (-0.11686512, -0.9108069, 0.3959464), (0.013657857, -0.92717147, 0.37438834), (0.13577628, -0.6933471, 0.70769674), (0.2790367, -0.7111868, 0.6452533), (0.29123706, -0.34432825, 0.89253515), (0.45210534, -0.38963583, 0.802362), (0.33500585, 0.056735888, 0.94050634), (0.68467605, -0.099475436, 0.72202724), (-0.40627983, -0.9063793, 0.11581569), (-0.44444945, -0.80552506, 0.3919107), (-0.36417112, -0.83979756, 0.40264085), (-0.31245768, -0.8587587, 0.40608326), (-0.34097204, -0.550874, 0.76175857), (-0.2737985, -0.57684314, 0.7696016), (-0.26300615, -0.13976431, 0.95461714), (-0.19086276, -0.16875206, 0.9670027), (-0.15946501, 0.26316428, 0.9514807), (0.09365289, 0.15899289, 0.9828278), (-0.4848269, -0.7850734, 0.38549042), (-0.4699911, -0.8826712, -0.000009804964), (-0.55723226, -0.7418715, 0.37298656), (-0.4953611, -0.86868715, -0.0000064224005), (-0.62192196, -0.69543105, 0.35998452), (-0.69966096, -0.71447504, -0.00015528245), (-0.7208888, -0.6060398, 0.33620688), (-0.8552377, -0.42888314, 0.29090866), (-0.8157361, -0.19041583, 0.5461835), (-0.85691327, -0.11561828, 0.5023268), (-0.7389147, 0.14767341, 0.65741736), (-0.78342617, 0.22328539, 0.5799889), (-0.60785747, 0.42935196, 0.6679567), (-0.657957, 0.4871515, 0.57426137), (-0.81094646, 0.29706252, 0.50410306), (-0.76261973, 0.3760969, 0.5262722), (-0.8435166, 0.29470998, 0.4490278), (-0.9216598, 0.09361361, 0.3765365), (-0.9271178, 0.138842, 0.34810287), (-0.9748712, -0.097014315, 0.20053531), (-0.9816085, -0.04524773, 0.1854653), (-0.9794724, -0.20157877, -0.0000016628476), (-0.9862716, 0.020808758, 0.16381499), (-0.99646616, -0.083995655, 0.000004711561), (-0.9865644, 0.08403545, 0.1401024), (-0.99952304, -0.03088276, -0.0000022957101), (-0.9767468, 0.14653352, 0.15650456), (-0.99310416, 0.096354924, 0.06678342), (-0.9998391, 0.017936982, 0.000034240773), (-0.9996184, 0.027620215, 0.00055551535), (-0.8430257, -0.5378733, 0.00003978703), (-0.90127337, -0.34062463, 0.26773348), (-0.8991675, -0.007016095, 0.4375484), (-0.932025, -0.3623939, -0.000002184417), (-0.9486909, -0.21366277, 0.23309606), (-0.93049276, 0.19789147, 0.30825695), (-0.536479, 0.3787824, 0.75413144), (-0.6984843, 0.09760828, 0.70893747), (-0.6958278, -0.33928764, 0.63301474), (-0.4408475, 0.33657846, 0.8320868), (-0.5871209, 0.0018447645, 0.8094973), (-0.6060789, -0.4149592, 0.6785848), (-0.5459557, -0.45483515, 0.70360315), (-0.4795711, -0.491036, 0.7272519), (-0.3159731, 0.30396393, 0.89875865), (-0.50697386, -0.045042172, 0.8607839), (-0.45427427, -0.069211245, 0.88816935), (-0.2526778, 0.29868686, 0.92029357), (-0.399177, -0.088779844, 0.9125656), (-0.36779997, -0.097701006, 0.9247582), (-0.44172966, -0.5082351, 0.739305), (0.09861622, -0.27954698, 0.95505416), (0.6173529, -0.2535951, 0.7446912), (0.55573016, -0.52599275, 0.64381343), (0.50733644, -0.70825344, 0.49090412), (0.58699095, -0.6900547, 0.42339832), (0.58012176, -0.69849366, 0.4190053), (0.32343796, -0.9462494, -0.0000022780152), (-0.025298549, -0.657733, 0.7528262), (0.8902784, 0.42620078, 0.16049124), (0.737439, 0.5806008, 0.3450892), (0.7845774, 0.620031, -0.000009119511), (0.61033946, 0.7441261, 0.27159193), (0.7046736, 0.70953166, -0.000027507544), (0.5595787, 0.79471487, 0.23515962), (0.53631806, 0.8158011, 0.21640642), (0.40031996, 0.9128524, 0.08027845), (0.47485068, 0.8663372, 0.15484437), (0.42193875, 0.9031534, 0.07925775), (0.63486594, 0.77262235, 0.000018924475), (0.6129039, 0.79015756, 0.00006469805), (0.5526522, 0.8334063, 0.0030793003), (0.60106647, 0.79919904, 0.000005824375), (0.5962714, 0.80278295, -0.0000035604467), (0.59370214, 0.8046849, 0.000020929263), (0.97336376, 0.15573764, 0.1682526), (0.84721416, 0.3541951, 0.3959472), (0.7961252, 0.47541356, 0.3743884), (0.53253627, 0.46424812, 0.707728), (0.47638753, 0.5972461, 0.6452535), (0.15257806, 0.42438307, 0.89253515), (0.11138184, 0.5863525, 0.8023621), (-0.21663818, 0.26175573, 0.9405063), (-0.25622624, 0.64265347, 0.7220421), (0.98808753, 0.10134116, 0.11581442), (0.9198304, 0.01785758, 0.39190978), (0.90937036, 0.104517795, 0.40264323), (0.899935, 0.1587834, 0.40608475), (0.64755636, -0.019854125, 0.76175886), (0.63645947, 0.051305354, 0.769602), (0.2525426, -0.15789102, 0.95461655), (0.24156442, -0.080918334, 0.9670051), (-0.148175, -0.26968384, 0.9514803), (-0.18451938, 0.0016093887, 0.9828276), (0.9223071, -0.027335517, 0.38548997), (0.9994112, 0.034311745, -0.000008612872), (0.9210791, -0.11166377, 0.37302092), (0.9999858, 0.005343173, -0.000007510186), (0.91322184, -0.19088466, 0.35998455), (0.96858406, -0.24868652, -0.00015473297), (0.8852904, -0.32128772, 0.3362069), (0.79904246, -0.5262161, 0.29090858), (0.5727733, -0.61124, 0.5461836), (0.5285856, -0.68429923, 0.50232655), (0.24156864, -0.7137558, 0.6574171), (0.1983419, -0.7901097, 0.5799889), (-0.06790114, -0.7410961, 0.6679566), (-0.09290781, -0.81338173, 0.57426345), (0.14820856, -0.8508316, 0.5041031), (0.055600155, -0.8484987, 0.5262686), (0.16653116, -0.87786514, 0.44902146), (0.37975955, -0.84498703, 0.37653658), (0.34331632, -0.87233025, 0.34810057), (0.5714443, -0.7957506, 0.20058027), (0.53002095, -0.8274614, 0.18543369), (0.66430783, -0.7474592, -0.0000016125853), (0.47511566, -0.86454034, 0.1638148), (0.5709765, -0.8209665, 0.000004931353), (0.42050585, -0.89640754, 0.140102), (0.5265089, -0.8501696, 0.0000075139105), (0.36146995, -0.9191545, 0.15650696), (0.41310263, -0.9082325, 0.0667838), (0.4843869, -0.874854, 0.000030376254), (0.4755925, -0.87966573, -0.000425458), (0.8873247, -0.4611452, 0.000039745122), (0.74562615, -0.6102135, 0.2677333), (0.45565984, -0.77519405, 0.4375481), (0.77985495, -0.6259604, -0.0000022915192), (0.6593842, -0.7147581, 0.23309523), (0.293867, -0.904777, 0.30825466), (-0.059795495, -0.653996, 0.7541312), (0.26471144, -0.65370935, 0.7089372), (0.64174557, -0.43296093, 0.6330146), (-0.07106214, -0.5500743, 0.8320869), (0.29196098, -0.5093859, 0.80949664), (0.6624062, -0.31739935, 0.67858356), (0.6669, -0.24535692, 0.70359397), (0.665035, -0.16980298, 0.72725195), (-0.105254084, -0.42562267, 0.89875853), (0.2924958, -0.41653112, 0.86078346), (0.28707498, -0.3588073, 0.8881696), (-0.13233115, -0.36817047, 0.920293), (0.2764733, -0.30130762, 0.9125658), (0.26851097, -0.2696744, 0.92475814), (0.6610093, -0.12843196, 0.7393051), (0.19278625, 0.22517768, 0.9550542), (-0.08905398, 0.6614404, 0.74469197), (0.17765486, 0.7442712, 0.64381605), (0.35973963, 0.7934741, 0.4909037), (0.3041081, 0.85337466, 0.423403), (0.3148651, 0.85164297, 0.41900387), (0.65775037, 0.75323606, -0.000013653191), (0.5822631, 0.30695775, 0.7528258), (0.000029271465, 0.000009311362, -1), (-6.5365566e-9, 1.5517496e-7, -1), (0.00000962615, 0.0000015646219, -1), (3.5283296e-9, 1.5517494e-7, -1), (-0.0000016987324, -0.0000635162, -1), (4.517591e-9, 1.6626221e-7, -1), (0.000021398067, -0.000018656254, -1), (0.0000070631504, 0.0000014305115, -1), (1.2056882e-8, 1.6607069e-7, -1), (-0.0000397712, -0.000009030104, -1), (1.7506297e-8, 1.64152e-7, -1), (0.0000133141875, 0.0000051259995, -1), (-0.0000040773302, 0.000015825033, -1), (4.3143186e-10, 1.6671747e-7, -1), (0.000024169687, 0.000020593407, -1), (5.890868e-9, 1.582514e-7, -1), (0.000018805265, 0.000032305717, -1), (1.2622448e-8, 1.6220332e-7, -1), (0.000042706728, 0.000022739172, -1), (0.000005066395, -0.000020861626, -1), (-6.028438e-9, 1.7105407e-7, -1), (0.000019609928, 0.000045921748, -1), (-9.982112e-9, 1.622033e-7, -1), (-0.000008374453, 0.000008955598, -1), (-0.000034123655, 0.0000011026858, -1), (1.82696e-9, 1.582514e-7, -1), (-0.0000011920929, 0.000017106533, -1), (-1.4413215e-9, 1.6671747e-7, -1), (-0.00003786385, -0.0000028014183, -1), (9.140925e-10, 1.64152e-7, -1), (-0.0000355877, -0.000028699636, -1), (0.000015340745, 0.000015825033, -1), (-6.0284338e-9, 1.6607069e-7, -1), (-0.000048801303, -0.000006765127, -1), (-1.2814717e-8, 1.6626223e-7, -1), (-0.000003695488, -0.0000113248825, -1), (-0.9668257, -0.25543705, -0.000008046628), (-1, 0.000014441088, 0.000015616417), (-0.99990535, 0.013765938, 0.0000036060815), (-0.8694336, -0.4940499, -0.0000034868717), (-0.7143963, -0.6997413, -0.000019967556), (-0.51190424, -0.8590425, -0.000026136637), (-0.27542642, -0.9613222, -0.0000095665455), (-0.020722564, -0.9997853, 0.000013947487), (0.23539385, -0.97190017, 0.000005304814), (0.4755925, -0.87966573, -0.000425458), (0.687317, -0.7263576, -0.000007390976), (0.8519127, -0.5236839, 0.000009715557), (0.95841384, -0.2853823, -0.000032484535), (0.9996197, -0.027579146, 0.0000021159651), (0.9726923, 0.23209853, -0.0000015795231), (0.879493, 0.47591186, 0.0000076293945), (0.7263256, 0.68735087, -0.000032186508), (0.52383196, 0.85182154, 0.00039294548), (0.28538573, 0.95841277, -0.0000070631504), (0.027567193, 0.99961996, 0.000010341406), (-0.23205763, 0.97270215, -0.000027567152), (-0.47592545, 0.8794856, 0.000004261732), (-0.6873495, 0.7263268, -0.0000019669535), (-0.85189825, 0.5237074, 0.000007838011), (-0.9584277, 0.2853354, -0.000023692846), (-0.9996184, 0.027620215, 0.00055551535), (-0.63707083, -0.30680472, -0.707115), (-0.64597434, -0.2876056, -0.7071069), (-0.70711356, 4.5110943e-7, -0.7071), (-0.7071069, 1.9057393e-7, -0.70710665), (-0.6459745, 0.2876058, -0.70710665), (-0.47313794, -0.5254892, -0.7071079), (-0.4408446, -0.5528459, -0.70711917), (-0.21850742, -0.67249846, -0.70710707), (-0.15733807, -0.6893785, -0.70710826), (0.07392316, -0.7032344, -0.70710456), (0.15732066, -0.68938226, -0.7071085), (0.35355973, -0.6123717, -0.70710427), (0.44088277, -0.55283564, -0.70710343), (0.57207465, -0.4156239, -0.70709795), (0.63706964, -0.30680576, -0.70711565), (0.69166195, -0.14701435, -0.7071001), (0.70710576, 6.3038897e-7, -0.7071078), (0.691662, 0.14701459, -0.70710003), (0.6370696, 0.30680603, -0.70711553), (0.57207465, 0.4156243, -0.70709765), (0.44088265, 0.5528358, -0.7071034), (0.35355964, 0.61237186, -0.70710415), (0.15736467, 0.68937546, -0.7071053), (0.0739232, 0.7032346, -0.7071043), (-0.15733802, 0.6893786, -0.70710814), (-0.21850733, 0.6724985, -0.707107), (-0.44084448, 0.55284613, -0.707119), (-0.47313786, 0.52548957, -0.70710766), (-0.637071, 0.30680504, -0.7071147), (-0.81426144, 0.5578722, 0.16049035), (-0.92925036, 0.3694508, -0.000009685755), (-0.8157424, 0.4669867, 0.34130317), (-0.8047238, 0.31996882, 0.50003976), (-0.40516296, 0.23190036, 0.8843445), (-0.46465585, 0.18474784, 0.86600417), (-0.3118832, 0.17849524, 0.93320334), (-0.23277685, 0.2470575, 0.94062614), (-0.21838863, 0.26884735, 0.93809783), (-0.21053058, 0.2901606, 0.933533), (-0.28402492, 0.3496177, 0.8928031), (-0.27355817, 0.3769904, 0.8848978), (-0.5820713, 0.71651536, 0.38444608), (-0.5513824, 0.7600791, 0.34388542), (-0.62157124, 0.76507497, 0.16825436), (-0.5818059, 0.80504036, 0.11581078), (-0.52942055, 0.84835964, -0.000011816623), (-0.45844966, 0.73470443, 0.5000334), (-0.26471263, 0.42424065, 0.8659949), (-0.626261, 0.6648236, 0.4071939), (-0.30286863, 0.32144594, 0.89718634), (0.39232382, 0.31003106, 0.86600393), (0.4051054, 0.5795732, 0.7070958), (0.22112682, 0.6716364, 0.70711213), (0.0184388, 0.7068602, 0.70711297), (-0.18581095, 0.6822761, 0.7070882), (-0.2627633, 0.9648604, -0.000017791986), (0.67946047, 0.5369294, 0.5000404), (0.5728995, 0.81962574, 0.00000478793), (0.31271434, 0.9498473, -0.000006906689), (0.026067875, 0.99966025, 0.0000133086), (0.7845774, 0.620031, -0.000009119511), (0.8902784, 0.42620078, 0.16049124), (0.81229496, 0.47295773, 0.34130317), (0.40341386, 0.23492539, 0.8843457), (0.31056267, 0.18087253, 0.933186), (0.33035904, 0.07805329, 0.94062257), (0.342017, 0.054708228, 0.9381), (0.35655043, 0.037241954, 0.9335336), (0.44478336, 0.071164966, 0.8928064), (0.46325904, 0.04843977, 0.8848981), (0.9115582, 0.14583059, 0.3844415), (0.93393785, 0.09747037, 0.343889), (0.97336376, 0.15573764, 0.1682526), (0.98808753, 0.10134116, 0.11581442), (0.9994112, 0.034311745, -0.000008612872), (0.8654965, 0.029676823, 0.50003505), (0.49976078, 0.017126638, 0.86599416), (0.88888395, 0.20994529, 0.40719584), (0.42982346, 0.10157333, 0.8971815), (-0.7044767, 0.061043784, 0.7070971), (-0.6922177, -0.14431645, 0.707112), (-0.62137794, -0.33746246, 0.7071128), (-0.49796474, -0.5020564, 0.70708585), (-0.23504655, -0.44136605, 0.86599606), (-0.407047, -0.7643774, 0.50004005), (-0.70419115, -0.7100105, -0.000018656254), (-0.4699911, -0.8826712, -0.000009804964), (-0.9962685, 0.08630868, 0.000004138274), (-0.9789549, -0.2040768, -0.0000069737434), (-0.8787686, -0.4772482, 0.000012099743), (-0.07603971, -0.9841036, 0.16049318), (0.1446719, -0.98947966, -0.00000925362), (0.0034479252, -0.93994623, 0.3413053), (0.12526153, -0.8568966, 0.50003797), (0.0017445292, -0.46682823, 0.8843463), (0.072331876, -0.49478003, 0.86600286), (0.0013543172, -0.35934246, 0.9332048), (-0.09756246, -0.32512242, 0.94062585), (-0.123634025, -0.32355642, 0.93809694), (-0.14602548, -0.32740343, 0.9335329), (-0.16076592, -0.4207825, 0.8928026), (-0.18968058, -0.42541414, 0.8848978), (-0.32948536, -0.8623453, 0.38444793), (-0.38255647, -0.8575491, 0.34388974), (-0.35180938, -0.9208253, 0.16825882), (-0.40627983, -0.9063793, 0.11581569), (-0.2626216, -0.8747664, 0.40720242), (-0.12693872, -0.42301732, 0.8971861), (-0.3860156, 0.10284978, 0.9167409), (-0.3844504, 0.06681282, 0.92072475), (-0.37737447, 0.039601218, 0.9252137), (-0.37708068, 0.033886414, 0.9255604), (-0.36062643, 0.022211175, 0.93244594), (-0.31124723, -0.08121526, 0.9468523), (-0.32021543, -0.006991801, 0.9473189), (-0.31097955, -0.045544438, 0.9493247), (-0.27912232, -0.022023657, 0.96000296), (-0.2637149, -0.059524283, 0.9627623), (-0.2762077, -0.022661429, 0.9608308), (-0.26026762, -0.06003471, 0.96366835), (-0.25384602, -0.036565498, 0.9665533), (-0.24095646, -0.07128258, 0.9679147), (-0.20552623, -0.064273015, 0.97653884), (-0.19982606, -0.09321392, 0.9753876), (-0.20639141, 0.03125021, 0.9779704), (-0.19946958, -0.098217756, 0.9749693), (-0.2354203, -0.11622141, 0.9649197), (-0.22518851, 0.043855518, 0.9733277), (-0.3310622, 0.11600947, 0.9364506), (-0.35375255, 0.14008802, 0.9247889), (-0.383295, 0.17021446, 0.9078063), (-0.38763508, 0.1744433, 0.9051568), (-0.38709444, 0.13871902, 0.91154534), (0.48438364, -0.28055197, -0.8286515), (0.46031892, -0.28825548, -0.83965194), (0.48759925, -0.2877731, -0.82427764), (0.48349184, -0.2940578, -0.82447904), (0.4999635, -0.30759808, -0.8095801), (0.44657102, -0.28878027, -0.84686494), (0.46429163, -0.29867816, -0.8338014), (0.42927116, -0.28777575, -0.85610247), (0.42642587, -0.2910303, -0.85642415), (0.40850377, -0.28578413, -0.86686337), (0.38489223, -0.28344736, -0.8783597), (0.4776083, -0.2808941, -0.8324595), (0.48652208, -0.27231455, -0.83014524), (0.5005377, -0.23140682, -0.83421403), (0.5062057, -0.2331707, -0.8302936), (0.5077976, -0.22988133, -0.8302386), (0.3863315, -0.2846027, -0.87735367), (0.3328821, -0.28035295, -0.9003287), (0.34442934, -0.279796, -0.89614886), (0.32033765, -0.28004134, -0.90496445), (0.27482224, -0.28007022, -0.9198007), (0.27324173, -0.2807324, -0.9200698), (0.2035306, -0.28639087, -0.93624544), (0.21115948, -0.28524336, -0.9349054), (0.2591126, -0.27377152, -0.92623425), (0.30092698, -0.27631772, -0.9127385), (0.32132807, -0.2711111, -0.90732974), (0.36276802, -0.27753502, -0.88959193), (0.37844408, -0.27324283, -0.8843746), (0.41692123, -0.28361604, -0.8635617), (0.40304038, -0.28534704, -0.86956054), (0.45365965, -0.29514107, -0.8408834), (0.44150645, -0.294444, -0.84757006), (0.48869884, -0.30749857, -0.8164668), (0.4778908, -0.3047102, -0.82387626), (0.5218996, -0.3205674, -0.7904792), (0.5292344, -0.3226902, -0.7847178), (0.53110284, -0.32471463, -0.78261757), (0.5417433, -0.32831976, -0.7737703), (0.5386822, -0.3216455, -0.77869487), (0.54798025, -0.32727933, -0.76980907), (0.5480212, -0.32729518, -0.7697732), (0.5404652, -0.31498694, -0.78017986), (0.54588115, -0.3168184, -0.7756545), (0.53473926, -0.30600694, -0.7876634), (0.5279638, -0.30177835, -0.79384136), (0.509399, -0.2828921, -0.81270206), (0.5058094, -0.28506625, -0.81418306), (0.48405284, -0.26021555, -0.83545244), (0.45087674, -0.2410272, -0.85942787), (0.46156466, -0.23464277, -0.855512), (0.42880368, -0.22072297, -0.8760188), (0.43829054, -0.2085151, -0.87431276), (0.4061992, -0.20006506, -0.8916145), (0.41453403, -0.18197188, -0.8916546), (0.3832404, -0.17910673, -0.90611684), (0.3599878, -0.15803175, -0.91947526), (0.39042336, -0.15502611, -0.9074891), (0.33921167, -0.13934734, -0.9303321), (0.37315708, -0.14083551, -0.9170165), (0.3992379, -0.18547608, -0.89789075), (0.36670837, -0.17385453, -0.9139472), (0.3914846, -0.20992221, -0.89591986), (0.355402, -0.19702214, -0.9137132), (0.37343624, -0.23917755, -0.8962921), (0.33721697, -0.22445434, -0.9142784), (0.33717453, -0.2244944, -0.9142842), (0.3519571, -0.25661665, -0.9001523), (0.3177836, -0.24281797, -0.9165441), (0.338247, -0.26420102, -0.90320915), (0.2929051, -0.25939062, -0.9202843), (0.3390967, -0.13934731, -0.930374), (0.34657517, -0.14803882, -0.92626685), (0.36747232, -0.1673103, -0.91486144), (0.35053566, -0.15442038, -0.92373115), (0.36844286, -0.17162073, -0.9136718), (0.3881689, -0.18643244, -0.9025342), (0.38611865, -0.18873587, -0.90293485), (0.40856582, -0.20535745, -0.88932693), (0.40343466, -0.20565897, -0.8915969), (0.3730965, -0.18470837, -0.9092205), (0.3805491, -0.1927475, -0.90445054), (0.33205917, -0.15735707, -0.93004066), (0.3594751, -0.16985182, -0.91756636), (0.32519433, -0.14830859, -0.93394506), (0.3450404, -0.1543547, -0.9258087), (0.314637, -0.13096502, -0.94013387), (0.3310558, -0.13950881, -0.93324137), (0.3066878, -0.118991256, -0.94434303), (0.30559188, -0.11739412, -0.944898), (0.31662324, -0.12470675, -0.9403181), (0.30450055, -0.1149939, -0.9455453), (0.3222644, -0.12707132, -0.93808246), (0.3325096, -0.13720143, -0.9330666), (0.32724723, -0.1512957, -0.93274814), (0.32965398, -0.15478449, -0.9313271), (0.41751727, -0.21949531, -0.8817603), (0.42849106, -0.22402908, -0.87533224), (0.4723203, -0.26093322, -0.8419189), (0.4748327, -0.2629079, -0.839889), (0.4747986, -0.26295334, -0.83989406), (0.5123865, -0.31588942, -0.7985449), (0.514184, -0.3131547, -0.7984666), (0.3906062, -0.26811987, -0.8806467), (0.42770153, -0.28037184, -0.8593388), (0.46321326, -0.294127, -0.836016), (0.4974599, -0.30797875, -0.81097656), (0.4090584, -0.25483713, -0.87620175), (0.4436673, -0.2709791, -0.85424227), (0.42323786, -0.23103517, -0.8760665), (0.42795217, -0.21040896, -0.8789683), (0.47701767, -0.2875443, -0.8305254), (0.45409176, -0.25223374, -0.85450506), (0.45592833, -0.23483253, -0.8584772), (0.508857, -0.30411986, -0.805342), (0.48391163, -0.2731405, -0.83139867), (0.48323002, -0.25922424, -0.83623666), (0.5128805, -0.29434446, -0.8064211), (-0.39176127, 0.17842908, 0.9025998), (-0.38942656, 0.115810536, 0.9137477), (0.3805491, -0.1927475, -0.90445054), (0.33205917, -0.15735707, -0.93004066), (-0.8234508, 0.32649398, -0.46403724), (-0.55449414, 0.17458689, -0.8136681), (-0.9280618, 0.3480731, 0.13246389), (-0.46244943, 0.2253812, 0.85752195), (-0.7998032, 0.32630008, -0.50382847), (-0.51342535, 0.25902906, 0.8181066), (-0.7312354, 0.31201077, -0.606584), (-0.5923367, 0.3131214, 0.7423559), (-0.5922998, 0.31304502, 0.74241745), (-0.71006507, 0.2564044, -0.65579295), (-0.6585805, 0.35085177, 0.6657137), (-0.66979903, 0.27279875, -0.6906158), (-0.6759769, 0.37844545, 0.6323246), (-0.6318835, 0.3138536, -0.70867425), (-0.67523885, 0.41555935, 0.60939556), (-0.58323497, 0.37884492, -0.71854967), (-0.5707591, 0.396204, -0.7192055), (0.5480212, -0.32729518, -0.7697732), (0.54798025, -0.32727933, -0.76980907), (-0.541102, 0.43443978, -0.7200491), (0.5417433, -0.32831976, -0.7737703), (0.53110284, -0.32471463, -0.78261757), (-0.51351935, 0.47208357, -0.71654385), (0.514184, -0.3131547, -0.7984666), (-0.48952278, 0.51018435, -0.70716304), (-0.14519231, 0.3033816, -0.9417424), (-0.6874948, 0.6702226, -0.279558), (-0.6639669, 0.4693169, 0.58214223), (-0.6752734, 0.41558987, 0.6093365), (-0.67286825, 0.43366003, 0.5993223), (-0.6690778, 0.4515347, 0.5902977), (0.48759925, -0.2877731, -0.82427764), (0.54588115, -0.3168184, -0.7756545), (0.5279638, -0.30177835, -0.79384136), (0.4747986, -0.26295334, -0.83989406), (0.4748327, -0.2629079, -0.839889), (0.41751727, -0.21949531, -0.8817603), (0.40025273, -0.9164048, 0.000067508554), (0.35111463, -0.93075013, -0.10209226), (0.28880695, -0.9573874, -0.00009590783), (0.21180055, -0.93077534, -0.29798982), (0.17477755, -0.98460793, 0.000004243222), (0.13957621, -0.9451522, -0.2953064), (0.06647487, -0.9538594, -0.29280284), (0.18162058, -0.79533666, -0.57831955), (0.15166028, -0.80412346, -0.5747909), (0.192741, -0.5636919, -0.8031827), (0.20574069, -0.5664804, -0.79797924), (0.23245716, -0.8552339, -0.46318313), (0.20750023, -0.7861911, -0.582106), (0.19092958, -0.64334375, -0.74138707), (0.21285565, -0.57053, -0.79321367), (0.21259916, -0.57742417, -0.7882785), (0.20624448, -0.57802194, -0.78952765), (0.18170834, -0.5663993, -0.80384946), (-0.083222054, -0.7870059, -0.6113067), (-0.20376427, -0.710249, -0.6738149), (-0.46657118, -0.8083951, -0.35889935), (-0.60130435, -0.6946567, -0.39482298), (-0.67517376, -0.73765874, -0.000055402517), (-0.7503693, -0.66101897, -0.000025302175), (-0.71695095, -0.5566103, -0.41972187), (-0.8776423, -0.47931635, 0.000045039695), (-0.7907412, -0.43161243, -0.4340956), (-0.8305434, -0.3324109, -0.44687876), (-0.45288336, -0.33428046, -0.82653093), (-0.46826032, -0.27761427, -0.8388461), (0.0536477, -0.27649295, -0.9595174), (0.052206594, -0.25124305, -0.9665151), (0.1286298, -0.5168649, -0.84634817), (0.08598012, -0.43963733, -0.89405054), (0.060834773, -0.34529772, -0.93651944), (-0.4713968, -0.2583319, -0.84323764), (-0.9731575, -0.2295833, -0.016005637), (-0.93150115, -0.36373848, 0.00006470084), (-0.59357846, -0.8047761, -0.00005206465), (-0.3289379, -0.88866675, -0.31948623), (-0.012086486, -0.81079626, -0.58520377), (-0.50984144, -0.8602685, -0.000033216555), (-0.4257219, -0.9048541, -0.000006101677), (-0.23560353, -0.924079, -0.30094677), (-0.24752325, -0.96888196, 0.000021962915), (-0.15910374, -0.94212735, -0.29509702), (-0.007152472, -0.9565506, -0.29147854), (0.117209665, -0.81128407, -0.57278275), (-0.047254827, -0.99888295, -0.000011896249), (0.03455877, -0.8158456, -0.57723624), (-0.31655386, -0.59431475, -0.73931295), (-0.40650445, -0.44936532, -0.7955029), (-0.60414225, -0.29031911, -0.74210984), (-0.44211942, -0.43705538, -0.7832707), (-0.9996184, 0.027620215, 0.00055551535), (-0.9999992, 0.0012296772, 0.00001723645), (-0.9729576, -0.2309611, -0.0032568052), (0.48438364, -0.28055197, -0.8286515), (-0.6847289, 0.08493204, -0.7238321), (-0.6539385, -0.04184908, -0.7553894), (-0.6830625, 0.042856965, -0.7291014), (0.48652208, -0.27231455, -0.83014524), (-0.8371983, -0.014719501, -0.5467014), (-0.2126941, -0.17249385, -0.961773), (0.5062057, -0.2331707, -0.8302936), (0.5077976, -0.22988133, -0.8302386), (0.32965398, -0.15478449, -0.9313271), (0.32724723, -0.1512957, -0.93274814), (-0.29728603, -0.76289666, -0.57411665), (-0.58008087, -0.8047613, -0.12595864), (-0.6606606, -0.6515809, 0.37278664), (-0.41149443, -0.9089941, -0.06634944), (-0.26341677, -0.9643314, -0.026013587), (0.32519433, -0.14830859, -0.93394506), (0.314637, -0.13096502, -0.94013387), (0.052155178, -0.99789065, 0.038654294), (0.3066878, -0.118991256, -0.94434303), (0.2887847, -0.9537568, 0.08337454), (0.30559188, -0.11739412, -0.944898), (0.43575957, -0.89150935, 0.12379365), (0.4815412, -0.8648072, 0.14222035), (0.50791633, -0.50623727, 0.6969541), (0.76626736, -0.5799894, -0.2764901), (0.30450055, -0.1149939, -0.9455453), (-0.12255576, -0.025169726, 0.9921424), (0.7773296, -0.5927238, 0.21080169), (0.011242465, -0.1078306, 0.99410576), (0.80856574, -0.5697428, 0.14701875), (0.011387393, -0.10790105, 0.99409646), (0.3222644, -0.12707132, -0.93808246), (0.3390967, -0.13934731, -0.930374), (0.33921167, -0.13934734, -0.9303321), (0.37315708, -0.14083551, -0.9170165), (0.8041333, -0.57992756, 0.1305904), (0.82142645, -0.56696, 0.061765894), (0.36670837, -0.17385453, -0.9139472), (0.8469243, -0.53068966, 0.03298376), (0.355402, -0.19702214, -0.9137132), (0.8796421, -0.47563565, 0.00072898716), (0.33721697, -0.22445434, -0.9142784), (0.88425946, -0.4669742, -0.004506796), (0.33717453, -0.2244944, -0.9142842), (0.8970145, -0.44049442, -0.036466714), (0.3177836, -0.24281797, -0.9165441), (0.90551347, -0.41720164, -0.0773845), (0.2929051, -0.25939062, -0.9202843), (0.90743786, -0.39830092, -0.13383995), (0.2591126, -0.27377152, -0.92623425), (0.74490696, -0.3987069, -0.53492665), (0.21115948, -0.28524336, -0.9349054), (0.93653125, -0.32373676, 0.13455066), (0.5908436, -0.0991705, 0.80066794), (0.5133652, -0.112120576, 0.85081446), (0.44556248, -0.13221897, 0.88543344), (0.38234845, -0.15543772, 0.91085064), (0.38237694, -0.15560469, 0.9108102), (0.32134247, -0.19561163, 0.9265393), (0.26396447, -0.22144122, 0.9387686), (0.15996139, -0.23039721, 0.95985913), (0.2035306, -0.28639087, -0.93624544), (0.68457896, -0.512019, -0.51883364), (0.86491066, -0.46145442, -0.19745705), (0.8517993, -0.4987628, 0.16023043), (0.57993597, -0.8056952, -0.12053947), (0.19092958, -0.64334375, -0.74138707), (0.23245716, -0.8552339, -0.46318313), (0.44331273, -0.8760961, -0.18955114), (0.50331026, -0.84675634, -0.1722865), (0.40150246, -0.9146321, -0.04736967), (0.35111463, -0.93075013, -0.10209226), (0.40223154, -0.9155381, -0.00021460655), (-0.64407015, -0.18872206, -0.74132156), (-0.81090486, -0.17372268, -0.5587968), (-0.60414225, -0.29031911, -0.74210984), (-0.9033161, -0.1227425, -0.41104057), (-0.99961376, 0.027648915, -0.0028312507), (-0.52829105, -0.40786338, 0.74468523), (-0.8578392, -0.48830014, 0.16023421), (-0.7333867, -0.21828392, 0.6438138), (-0.78571206, -0.33685836, -0.5188286), (-0.98772043, -0.09939468, -0.12053639), (-0.34978768, -0.033061337, -0.93624556), (-0.65261, 0.15631878, -0.7413937), (-0.85689247, 0.22629929, -0.46316734), (-0.9803773, 0.05415534, -0.18954572), (-0.9849655, -0.0124968095, -0.17229891), (-0.89109945, -0.16332562, 0.4233989), (-0.99285835, 0.109555535, -0.047223642), (-0.9816142, 0.16133808, -0.1019985), (-0.9936762, 0.112282485, -0.0006900728), (-0.99373347, 0.11177504, -0.0003012895), (-0.99071264, -0.109762415, 0.08025388), (-0.9980878, 0.061735235, 0.003112053), (-0.81426144, 0.5578722, 0.16049035), (-0.8715344, 0.34834054, 0.34508947), (-0.92925036, 0.3694508, -0.000009685755), (-0.94960165, 0.15650724, 0.271592), (-0.96680933, 0.2554993, -0.000026755039), (-0.9680323, 0.08725423, 0.23516029), (-0.9746627, 0.056578852, 0.21640591), (-0.98769546, -0.021938981, 0.15484358), (-0.99312246, -0.086174205, 0.079257235), (-0.9865435, 0.16349927, 0.000019337984), (-0.9907489, 0.13570797, 0.00006453786), (-0.9926595, 0.120942995, 0.000005297945), (-0.9933706, 0.114956565, -0.0000027741773), (-0.62157124, 0.76507497, 0.16825436), (-0.7303501, 0.5566103, 0.39594674), (-0.8097826, 0.45175734, 0.37438965), (-0.6683186, 0.2290663, 0.7077279), (-0.7554244, 0.11394041, 0.6452532), (-0.44381487, -0.08005569, 0.8925354), (-0.563487, -0.19671682, 0.8023622), (-0.1183684, -0.31849235, 0.9405061), (-0.4284786, -0.54320866, 0.72203225), (-0.5818059, 0.80504036, 0.11581078), (-0.4753812, 0.7876673, 0.39190945), (-0.5452015, 0.73527884, 0.4026418), (-0.5874778, 0.69997495, 0.406085), (-0.3065869, 0.5707262, 0.76175857), (-0.36266255, 0.5255373, 0.7696015), (0.0104659, 0.2976535, 0.95461667), (-0.05070982, 0.24966997, 0.9670024), (0.3076494, 0.0065406756, 0.9514774), (0.09086553, -0.16060312, 0.9828276), (-0.43748027, 0.81240875, 0.38549095), (-0.52942055, 0.84835964, -0.000011816623), (-0.36383545, 0.8535096, 0.3730216), (-0.50460666, 0.86334944, -0.00002002716), (-0.2912996, 0.88631564, 0.35998482), (-0.26892158, 0.9631622, -0.00015595557), (-0.16440158, 0.9273279, 0.33620697), (0.056194704, 0.95509905, 0.29090914), (0.24296325, 0.8016558, 0.54618376), (0.3283281, 0.7999178, 0.5023268), (0.49734664, 0.5660824, 0.65741694), (0.58508646, 0.566856, 0.5799553), (0.6757586, 0.3117437, 0.66795677), (0.75086147, 0.32622996, 0.5742658), (0.66273725, 0.55376834, 0.5041033), (0.70701903, 0.47239888, 0.52627313), (0.6769859, 0.5831524, 0.44902498), (0.54193914, 0.7513496, 0.37653118), (0.5837994, 0.7334864, 0.3481034), (0.40341932, 0.89276004, 0.20058), (0.4515921, 0.8727422, 0.18543419), (0.31516445, 0.9490371, -0.0000014156103), (0.5111562, 0.8437322, 0.16381554), (0.42545888, 0.90497786, -0.000028781596), (0.5660589, 0.8123722, 0.14010294), (0.47301584, 0.88105404, 0.0000012852253), (0.6152764, 0.77261955, 0.15650623), (0.5800013, 0.81187403, 0.06677638), (0.51545525, 0.85691655, 0.000034015626), (0.52383196, 0.85182154, 0.00039294548), (-0.04429838, 0.9990184, 0.0000391379), (0.15564704, 0.95083785, 0.2677338), (0.44348606, 0.78223866, 0.43751916), (0.15217116, 0.98835427, -0.000002563), (0.28930816, 0.92842174, 0.23309626), (0.6366248, 0.7068834, 0.308261), (0.5962748, 0.27521318, 0.7541314), (0.43377346, 0.5561014, 0.7089372), (0.054082297, 0.7722481, 0.633015), (0.51192117, 0.21350199, 0.8320779), (0.29515803, 0.5075392, 0.8094973), (-0.056327038, 0.7323605, 0.67858344), (-0.12096494, 0.7002301, 0.7035945), (-0.18546364, 0.6608389, 0.7272519), (0.4212272, 0.12165851, 0.8987586), (0.21447931, 0.4615743, 0.86078334), (0.16719867, 0.42801815, 0.8881695), (0.38500947, 0.06948218, 0.92029345), (0.122702904, 0.39008713, 0.91256565), (0.09928871, 0.36737385, 0.92475855), (-0.21928036, 0.6366665, 0.739305), (-0.29140213, 0.054368507, 0.9550544), (-0.8670382, -0.08519341, 0.4909042), (-0.89497036, -0.15315439, 0.41901287), (-0.9811968, 0.19301029, -0.00001406111), (-0.5569642, 0.35077524, 0.75282645), (0.3503654, 0.25004876, 0.9026183), (0.7654669, 0.62970185, 0.13242383), (0.29496735, 0.27936098, 0.91375697), (0.4284358, 0.39287177, -0.8136919), (-0.2988756, -0.20812225, -0.9313209), (-0.30235115, -0.20886569, -0.9300318), (-0.2946962, -0.20763798, -0.9327597), (-0.5120012, 0.63891953, -0.57413995), (-0.40691614, 0.90474117, -0.12594715), (0.25005966, 0.29958802, 0.9207156), (-0.23400922, 0.89789426, 0.37286168), (0.21793942, 0.3096019, 0.92555344), (-0.5814253, 0.8108856, -0.06640172), (-0.7034975, 0.710224, -0.025945675), (-0.2910279, -0.20754245, -0.93393195), (-0.2706676, -0.2069645, -0.9401621), (-0.8902635, 0.45380536, 0.03862354), (-0.25638542, -0.2061181, -0.9443421), (-0.97036713, 0.22678867, 0.083394885), (-0.25448272, -0.20594051, -0.94489527), (-0.989949, 0.06836856, 0.123801425), (-0.98971456, 0.015380608, 0.14222711), (0.014574786, 0.22185263, 0.9749713), (0.13025407, 0.16313455, 0.9779678), (-0.6923462, -0.18679485, 0.6969681), (-0.8854221, -0.3736443, -0.27643764), (-0.25185484, -0.20623912, -0.94553405), (0.017075688, 0.26205832, 0.964901), (0.0852661, 0.31015253, 0.9468554), (-0.48515671, -0.27921274, -0.82865155), (-0.4797955, -0.25452027, -0.8396522), (-0.49301773, -0.27838764, -0.8242778), (-0.49640754, -0.27168724, -0.8244789), (-0.51636994, -0.2791821, -0.80957985), (-0.4733764, -0.24235132, -0.8468652), (-0.4908172, -0.25279215, -0.8337833), (-0.46385688, -0.22787173, -0.85610247), (-0.4652527, -0.22378033, -0.85642415), (-0.45174828, -0.2108827, -0.86686325), (-0.43793023, -0.19161084, -0.87835217), (-0.48206034, -0.2731792, -0.8324609), (-0.4790717, -0.2851494, -0.8301688), (-0.4511662, -0.31754637, -0.83403444), (-0.45504272, -0.3217717, -0.83030057), (-0.45296073, -0.32482424, -0.83025056), (-0.4396389, -0.19227116, -0.8773537), (-0.40923446, -0.1481079, -0.9003285), (-0.41439593, -0.15840237, -0.89620584), (-0.40269366, -0.13739994, -0.9049637), (-0.3799592, -0.09796786, -0.9198007), (-0.37974215, -0.09626757, -0.9200698), (-0.34978768, -0.033061337, -0.93624556), (-0.35260504, -0.040246267, -0.9349064), (-0.3666504, -0.0875078, -0.92623425), (-0.3897621, -0.122451484, -0.91273826), (-0.39534685, -0.14287803, -0.90735155), (-0.4217363, -0.1753987, -0.889592), (-0.42578015, -0.19053169, -0.8845388), (-0.45405722, -0.21893822, -0.86365396), (-0.4486379, -0.2063695, -0.8695607), (-0.48242936, -0.2453101, -0.84088343), (-0.47574922, -0.23513353, -0.8475701), (-0.5106512, -0.26947603, -0.8164669), (-0.50283265, -0.2615103, -0.82387614), (-0.53856933, -0.29169443, -0.79047924), (-0.5440753, -0.2969851, -0.7847178), (-0.54676205, -0.2975918, -0.78261775), (-0.555206, -0.30500308, -0.77376974), (-0.54786134, -0.30567244, -0.77872485), (-0.5575761, -0.31099498, -0.7696695), (-0.5576326, -0.31102046, -0.7696183), (-0.5430202, -0.31056345, -0.7801792), (-0.54728305, -0.31431693, -0.77568436), (-0.53238, -0.31009462, -0.7876629), (-0.52533126, -0.30634615, -0.7938382), (-0.49972528, -0.29972437, -0.8126745), (-0.49977812, -0.29551005, -0.8141841), (-0.46737942, -0.28909376, -0.8354528), (-0.43414482, -0.26992807, -0.8594518), (-0.43401468, -0.2823648, -0.8555124), (-0.40555358, -0.26099324, -0.87601876), (-0.39972618, -0.2753138, -0.87431186), (-0.37638202, -0.2517031, -0.8916178), (-0.36485952, -0.26801103, -0.89165443), (-0.34676257, -0.24230623, -0.9061145), (-0.3168527, -0.23274235, -0.9194757), (-0.3294686, -0.2606035, -0.90748906), (-0.29025272, -0.22412506, -0.9303341), (-0.30851197, -0.25273454, -0.917031), (-0.36028987, -0.25301066, -0.8978736), (-0.33392677, -0.23065639, -0.91394234), (-0.37750226, -0.23410079, -0.89592916), (-0.34830138, -0.20923685, -0.91373205), (-0.39385268, -0.20381622, -0.8962919), (-0.36306983, -0.17988284, -0.9142333), (-0.36309135, -0.17982934, -0.9142353), (-0.39821494, -0.17649505, -0.90015244), (-0.3691779, -0.1537967, -0.91654474), (-0.39792866, -0.16082983, -0.9032091), (-0.37109476, -0.12397216, -0.92028236), (-0.29024294, -0.22412397, -0.9303373), (-0.3014929, -0.226122, -0.92626715), (-0.3286317, -0.23458514, -0.91486126), (-0.30899957, -0.22636229, -0.92373127), (-0.3328496, -0.23327021, -0.9136719), (-0.35554045, -0.24294813, -0.90253377), (-0.35651034, -0.24002074, -0.9029344), (-0.3821278, -0.2511495, -0.8893269), (-0.37982413, -0.24655585, -0.89159626), (-0.3465807, -0.23069371, -0.90920967), (-0.3571566, -0.23315811, -0.90447587), (-0.30235115, -0.20886569, -0.9300318), (-0.32683364, -0.22638853, -0.91756636), (-0.2910279, -0.20754245, -0.93393195), (-0.30619535, -0.22163644, -0.9258087), (-0.2706676, -0.2069645, -0.9401621), (-0.2862439, -0.21704878, -0.9332493), (-0.25638542, -0.2061181, -0.9443421), (-0.25448272, -0.20594051, -0.94489527), (-0.26630944, -0.21185173, -0.9403181), (-0.25185484, -0.20623912, -0.94553405), (-0.27111226, -0.21552378, -0.9381086), (-0.28503048, -0.2193507, -0.9330825), (-0.2946962, -0.20763798, -0.9327597), (-0.2988756, -0.20812225, -0.9313209), (-0.39885145, -0.25183457, -0.8817579), (-0.40826023, -0.25906894, -0.8753325), (-0.46213713, -0.27857468, -0.8419178), (-0.46525985, -0.27961168, -0.8398516), (-0.46531516, -0.27961424, -0.8398201), (-0.5297619, -0.285795, -0.79854465), (-0.5282936, -0.28871965, -0.7984654), (-0.42754218, -0.20419453, -0.88063186), (-0.45666003, -0.23021446, -0.85933876), (-0.48632804, -0.25409093, -0.83601606), (-0.51555043, -0.27687508, -0.8108933), (-0.42522493, -0.22683604, -0.87620157), (-0.45644462, -0.24880601, -0.85425633), (-0.41172057, -0.2509736, -0.87606984), (-0.3961755, -0.26537526, -0.8789887), (-0.4874962, -0.26936966, -0.83053446), (-0.44527185, -0.26677963, -0.85472906), (-0.43140277, -0.2773635, -0.8584645), (-0.5178039, -0.2886231, -0.8053421), (-0.4785025, -0.28250942, -0.8313986), (-0.46597776, -0.28901073, -0.8362641), (-0.5113275, -0.2969632, -0.8064472), (-0.49301773, -0.27838764, -0.8242778), (0.33533096, -0.025953768, -0.94174284), (-0.48515671, -0.27921274, -0.82865155), (0.92417645, 0.2602783, -0.27955902), (0.41591752, 0.55052626, -0.72383255), (0.2907233, 0.5872511, -0.7553914), (0.37864465, 0.57011837, -0.7291045), (-0.4790717, -0.2851494, -0.8301688), (0.4058493, 0.73239756, -0.5466994), (-0.043037787, 0.2704514, -0.96177125), (-0.45504272, -0.3217717, -0.83030057), (-0.45296073, -0.32482424, -0.83025056), (0.34489527, 0.24848957, 0.9051521), (0.3136801, 0.2658689, 0.91154736), (0.28205237, 0.28285068, 0.9167562), (-0.3571566, -0.23315811, -0.90447587), (0.6944805, 0.54987437, -0.46404216), (0.42645127, 0.28783247, 0.8574917), (0.6824758, 0.5294973, -0.50384474), (0.48099926, 0.3150931, 0.8181418), (0.63583183, 0.47726065, -0.60658073), (0.5675271, 0.3564356, 0.74220395), (0.5674134, 0.3564177, 0.7422995), (0.57709706, 0.4867434, -0.65577424), (0.6331574, 0.39494258, 0.6656817), (0.57111776, 0.44364634, -0.69065374), (0.6657269, 0.39618713, 0.63233185), (0.5877513, 0.3903017, -0.7086699), (0.69737214, 0.3770457, 0.6095151), (0.6196959, 0.31564808, -0.71857035), (0.62853533, 0.29613894, -0.7191976), (-0.5576326, -0.31102046, -0.7696183), (-0.5575761, -0.31099498, -0.7696695), (0.64681834, 0.25141895, -0.72001016), (-0.555206, -0.30500308, -0.77376974), (-0.54676205, -0.2975918, -0.78261775), (0.66562605, 0.20870472, -0.71650845), (-0.5282936, -0.28871965, -0.7984654), (0.686587, 0.16874306, -0.7071945), (0.73844224, 0.3402955, 0.582153), (0.6973633, 0.37701002, 0.60954726), (0.7120237, 0.36590123, 0.5992817), (0.7256034, 0.35361633, 0.59030104), (-0.54728305, -0.31431693, -0.77568436), (-0.52533126, -0.30634615, -0.7938382), (-0.46531516, -0.27961424, -0.8398201), (-0.46525985, -0.27961168, -0.8398516), (-0.39885145, -0.25183457, -0.8817579), (0.039485335, 0.11872615, 0.99214166), (-0.9020126, -0.37676653, 0.21076123), (-0.09893906, 0.044123895, 0.99411476), (-0.89769095, -0.4153689, 0.14703637), (-0.09904194, 0.044065922, 0.9941071), (-0.27111226, -0.21552378, -0.9381086), (-0.29024294, -0.22412397, -0.9303373), (-0.29025272, -0.22412506, -0.9303341), (-0.30851197, -0.25273454, -0.917031), (-0.9042998, -0.4064322, 0.13059407), (-0.90171736, -0.42789, 0.061774157), (-0.33392677, -0.23065639, -0.91394234), (-0.8830553, -0.46810862, 0.03298116), (-0.34830138, -0.20923685, -0.91373205), (-0.8517334, -0.52397513, 0.0007210002), (-0.36306983, -0.17988284, -0.9142333), (-0.8465653, -0.5322655, -0.004547199), (-0.36309135, -0.17982934, -0.9142353), (-0.8299919, -0.55658174, -0.036472503), (-0.3691779, -0.1537967, -0.91654474), (-0.8140599, -0.5756042, -0.07737256), (-0.37109476, -0.12397216, -0.92028236), (-0.7986696, -0.5867084, -0.13379179), (-0.3666504, -0.0875078, -0.92623425), (-0.717723, -0.44576186, -0.5349486), (-0.35260504, -0.040246267, -0.9349064), (-0.7486281, -0.6491957, 0.13453998), (-0.3812726, -0.4620794, 0.8006959), (-0.3538141, -0.38854763, 0.8507916), (-0.3372696, -0.31979114, 0.88542813), (-0.32573116, -0.2533567, 0.91088396), (-0.32589078, -0.2533029, 0.9108419), (-0.3301225, -0.18041128, 0.92653716), (-0.3237684, -0.117879346, 0.93876445), (-0.27947104, -0.023312142, 0.95987105), (0.041397225, -0.42848688, 0.9025993), (0.16260318, -0.97776645, 0.13241224), (0.09448746, -0.39514637, 0.9137459), (0.12606034, -0.56751156, -0.81365806), (-0.030779075, 0.36287895, -0.9313279), (-0.029703382, 0.36628416, -0.9300289), (-0.032500725, 0.3590369, -0.9327573), (0.80933, 0.12396386, -0.5741237), (0.98698294, -0.100045204, -0.12591904), (0.13435337, -0.36639822, 0.9207071), (0.89459515, -0.24640054, 0.37280884), (0.5533818, -0.37802398, -0.74220383), (0.5995608, -0.16436024, -0.7832704), (-0.054827802, 0.5546991, -0.83024275), (-0.04980629, 0.5491254, -0.8342547), (0.6867633, -0.7268693, -0.0041562594), (0.4755925, -0.87966573, -0.000425458), (0.15918088, -0.34342664, 0.9255915), (0.9929523, 0.09816244, -0.06640871), (0.9668079, 0.2541826, -0.025955725), (-0.034214377, 0.35582507, -0.9339261), (-0.04393521, 0.3378977, -0.9401569), (0.83812267, 0.5441076, 0.038696468), (-0.05032309, 0.32509065, -0.94434303), (0.68158036, 0.7269786, 0.08336879), (-0.05111015, 0.32335174, -0.9448976), (0.5542322, 0.82310736, 0.12377856), (0.50817895, 0.8494271, 0.1422251), (0.18478256, -0.12353114, 0.9749849), (0.0761488, -0.19437733, 0.97796667), (0.18445523, 0.6929835, 0.69695777), (0.1191408, 0.95360744, -0.2764748), (-0.052653104, 0.32121882, -0.9455402), (0.21840055, -0.14582328, 0.9649025), (0.2259961, -0.22892502, 0.94684696), (0.25573838, -0.09795371, -0.96177083), (0.48547345, -0.46342674, -0.7413172), (0.5558958, -0.6154004, -0.5588044), (0.5533818, -0.37802398, -0.74220383), (0.5558958, -0.6154004, -0.5588044), (0.55796313, -0.72090095, -0.41107062), (0.47680712, -0.8789766, -0.0074276626), (0.43135324, -0.7176681, -0.54670554), (0.48547345, -0.46342674, -0.7413172), (0.43135324, -0.7176681, -0.54670554), (0.042791568, -0.4229185, 0.9051568), (0.07340878, -0.4045939, 0.91154534), (0.10395204, -0.38569522, 0.9167514), (-0.07449612, -0.8096622, 0.582149), (-0.0570778, -0.7468759, 0.6625093), (-0.050371252, -0.67463887, 0.7364273), (-0.036472384, -0.6856114, 0.7270536), (-0.038036115, -0.62997264, 0.77568537), (-0.021491034, -0.69078434, 0.7227414), (-0.021408776, -0.6406943, 0.7674976), (-0.0061839726, -0.6916446, 0.72221154), (-0.0044026994, -0.6453722, 0.7638556), (0.018992765, -0.6866493, 0.7267407), (0.024283895, -0.642896, 0.76556844), (0.036784846, -0.6749062, 0.73698616), (0.044721026, -0.6327111, 0.77309555), (0.047110587, -0.65771383, 0.7517934), (0.05690196, -0.61653596, 0.7852679), (0.050405953, -0.63638943, 0.76971924), (0.061074417, -0.59611404, 0.8005736), (0.039673578, -0.5920938, 0.80489194), (0.046678863, -0.5540862, 0.8311496), (0.041131, -0.55760026, 0.8290901), (0.047666, -0.52228177, 0.8514399), (0.048712716, -0.48657456, 0.87228), (0.04244681, -0.51930255, 0.85353565), (0.044214107, -0.41709632, 0.9077863), (0.03608883, -0.513201, 0.8575095), (-0.042578913, -0.7492437, 0.6609244), (-0.0565141, -0.8052077, 0.59029377), (-0.039113108, -0.7995543, 0.59931904), (-0.027321113, -0.74855465, 0.66251), (-0.022152292, -0.79226494, 0.6097751), (-0.012245153, -0.7452069, 0.66672087), (-0.022181591, -0.7923209, 0.6097011), (0.010668707, -0.7375717, 0.67518455), (0.010210112, -0.77463806, 0.63232255), (0.026485296, -0.7242935, 0.688983), (0.025442522, -0.74580574, 0.66567755), (0.035301805, -0.7061426, 0.70718914), (0.037879117, -0.68402207, 0.7284772), (0.024808519, -0.6691874, 0.7426794), (0.031050539, -0.63749444, 0.769829), (0.024780992, -0.6691189, 0.7427422), (0.033249293, -0.600125, 0.7992149), (0.032393776, -0.57415354, 0.81810665), (0.03513459, -0.55894667, 0.82845896), (0.055557556, -0.37640458, 0.9247882), (0.055089142, -0.45322526, 0.8896922), (0.054478873, -0.48608875, 0.8722097), (0.053746067, -0.5149438, 0.8555375), (0.07224279, -0.55423284, 0.8292207), (0.06712814, -0.5735507, 0.81641495), (0.052420776, -0.5884917, 0.80680215), (0.028301712, -0.5969746, 0.80176085), (-0.0056315903, -0.59679174, 0.8023764), (-0.025582474, -0.587844, 0.8085697), (-0.04535846, -0.571323, 0.81947094), (-0.05424877, -0.6110356, 0.78974205), (-0.064924136, -0.54372907, 0.8367458), (-0.08363932, -0.4724217, 0.87739515), (-0.10249991, -0.42769557, 0.8980926), (-0.10667544, -0.39490923, 0.912506), (-0.11489603, -0.32811153, 0.9376256), (-0.08026483, -0.36868113, 0.9260841), (-0.09376076, -0.21086822, 0.9730075), (-0.047254056, -0.39311075, 0.9182762), (-0.05612903, -0.24338149, 0.9683053), (-0.0153636355, -0.40624058, 0.913637), (-0.019468885, -0.26403403, 0.96431684), (0.039000187, -0.4062386, 0.9129344), (0.042001557, -0.27255556, 0.9612228), (0.07763616, -0.39306086, 0.9162292), (0.08504858, -0.27024838, 0.9590269), (0.10132471, -0.37036812, 0.92334217), (0.11079543, -0.26076397, 0.95902383), (0.10963315, -0.3419187, 0.93331254), (0.118896455, -0.24730612, 0.96161497), (0.077544026, -0.28863966, 0.95429254), (0.082275294, -0.22365883, 0.9711887), (0.07707887, -0.25874615, 0.96286523), (0.080590226, -0.21425405, 0.97344774), (0.07846547, -0.20734733, 0.9751156), (0.07663657, -0.23364381, 0.96929747), (0.07516492, -0.24785723, 0.96587634), (0.07461263, -0.2169471, 0.9733279), (0.074359186, -0.2551104, 0.96404845), (0.06204467, -0.41925758, 0.9057448), (0.061251286, -0.44901708, 0.8914214), (0.06083495, -0.47466937, 0.8780594), (0.08386278, -0.51079524, 0.85560226), (0.07769619, -0.52879554, 0.8451856), (0.06006677, -0.5423316, 0.8380146), (0.031162295, -0.5488986, 0.83530796), (-0.009567484, -0.54577637, 0.8378763), (-0.033530563, -0.532493, 0.84577006), (-0.058162495, -0.50948834, 0.85850966), (0.06505678, -0.34470892, 0.93645257), (0.08303324, -0.09355191, 0.992146), (0.082404785, -0.124014795, 0.98885274), (0.080651306, -0.17941679, 0.98046166), (0.085717015, -0.08194476, 0.99294394), (0.08766617, 0.06367245, 0.9941129), (0.0885082, -0.034632806, 0.9954732), (0.08763472, 0.06382123, 0.9941062), (0.13170037, 0.024841513, 0.9909783), (0.11957342, 0.2536881, 0.95986706), (0.122717045, 0.054443445, 0.99094725), (0.09174762, 0.083694, 0.99225897), (0.11736627, -0.15138654, 0.9814822), (0.089826435, -0.14740852, 0.9849884), (0.05977726, 0.3393323, 0.93876535), (0.038179576, 0.11288933, 0.9928738), (0.042727437, -0.13860819, 0.98942524), (-0.025034046, -0.1216529, 0.99225694), (0.00878927, 0.37613544, 0.926523), (-0.038800817, 0.1440622, 0.98880774), (-0.06574965, -0.094018474, 0.99339706), (-0.056343958, 0.40893832, 0.910821), (-0.056486003, 0.40885985, 0.9108474), (-0.08605456, 0.18196994, 0.97953135), (-0.10831353, 0.45197484, 0.8854304), (-0.13405095, 0.229619, 0.96400493), (-0.15959193, 0.5006873, 0.85078955), (-0.18243343, 0.29302073, 0.93853974), (-0.20952542, 0.56127626, 0.8006673), (-0.15092441, 0.0020850853, 0.98854315), (-0.13292001, -0.16143604, 0.9778909), (-0.07106005, -0.46927515, 0.8801882), (-0.04151262, -0.49295, 0.8690668), (-0.013120534, -0.5041723, 0.86350346), (0.035320234, -0.50051284, 0.8650084), (0.07032982, -0.4811921, 0.8737894), (0.092435576, -0.44991764, 0.8882736), (0.100948535, -0.41101974, 0.90602), (0.0730914, -0.33640748, 0.9388758), (0.07373557, -0.29248753, 0.9534223), (-0.07413395, -0.43628928, 0.89674735), (-0.0433983, -0.46027794, 0.88671356), (-0.013834616, -0.47211766, 0.881427), (0.036687918, -0.46961996, 0.882106), (0.07291725, -0.45225936, 0.8889008), (0.09556678, -0.42372966, 0.90073323), (0.10400344, -0.3882032, 0.9156865), (0.0746413, -0.32058513, 0.94427437), (0.074925564, -0.28117722, 0.9567265), (-0.1076839, -0.05472649, 0.9926778), (0.12563434, -0.1528873, 0.98022527), (0.08565009, -0.15828928, 0.983671), (0.08321904, -0.16900896, 0.982095), (0.15429308, -0.34666628, 0.9252115), (0.161118, -0.32347733, 0.9324181), (0.1661662, -0.27382305, 0.9473171), (0.19495375, -0.24655247, 0.94931823), (0.15863037, -0.23071043, 0.9600048), (0.18340576, -0.19862339, 0.9627622), (0.15771906, -0.22786713, 0.96083367), (0.18210073, -0.19543204, 0.9636627), (0.15858696, -0.20155944, 0.9665526), (0.18221655, -0.17308034, 0.96790516), (0.15842114, -0.14586076, 0.9765385), (0.18063505, -0.12628622, 0.97540903), (0.29937273, -0.6406166, 0.70709723), (0.47109053, -0.5273199, 0.7071121), (0.60294014, -0.3693988, 0.7071123), (0.6837752, -0.18022117, 0.70708686), (0.9669827, -0.25484225, -0.000017911198), (0.42338884, -0.9059481, 0.0000044795743), (0.66621304, -0.7457616, -0.0000065267086), (0.85269326, -0.522412, 0.000012233853), (0.0054027718, 0.56616175, -0.8242765), (-0.19014245, -0.2774314, -0.9417418), (0.00077846006, 0.5598073, -0.8286226), (-0.23668097, -0.9304997, -0.27955788), (0.26880887, -0.6354554, -0.7238358), (0.36321288, -0.54540074, -0.75539035), (0.30441254, -0.6129735, -0.72910666), (-0.007433596, 0.5574975, -0.83014536), (0.36321288, -0.54540074, -0.75539035), (-0.051170647, 0.5549696, -0.83029526), (-0.007433596, 0.5574975, -0.83014536), (-0.8320956, -0.5182955, -0.19745083), (0.0060413736, 0.9870633, 0.16021727), (0.101130135, 0.8488735, -0.51883173), (0.40778512, 0.9050871, -0.12053515), (0.14626215, 0.31945655, -0.9362452), (0.46168017, 0.48701578, -0.74139535), (0.6244162, 0.628942, -0.46318087), (0.537102, 0.8219469, -0.18953861), (0.4816156, 0.8592827, -0.17227823), (0.5913725, 0.80501264, -0.047257133), (0.63049203, 0.76946265, -0.102014616), (0.5938476, 0.8045661, -0.0042916234), (0.67538804, 0.32399824, 0.6624773), (0.60943985, 0.29369655, 0.7364274), (0.6119928, 0.31121942, 0.72705394), (0.5645902, 0.28204572, 0.7756856), (0.6089822, 0.32678023, 0.7227416), (0.5655618, 0.30180642, 0.7674977), (0.60203993, 0.3403983, 0.72227204), (0.56117725, 0.31880617, 0.76383424), (0.58512455, 0.35976267, 0.72677374), (0.5446502, 0.34238756, 0.76558936), (0.56613356, 0.36929414, 0.7369632), (0.52559984, 0.35504046, 0.77310497), (0.546082, 0.36964664, 0.7517684), (0.5054657, 0.35759008, 0.7852604), (0.5259259, 0.36184713, 0.76971996), (0.48576486, 0.35086823, 0.8005773), (0.49293083, 0.33044988, 0.804874), (0.45651367, 0.31746837, 0.8311493), (0.4623341, 0.31446412, 0.8290715), (0.42849904, 0.302378, 0.85144365), (0.3970302, 0.28547385, 0.8722797), (0.42850575, 0.2964115, 0.85353553), (0.33910283, 0.24684104, 0.90778786), (0.67020196, 0.3376629, 0.6609184), (0.661928, 0.3506163, 0.66251004), (0.6514913, 0.3619986, 0.6667205), (0.6334527, 0.37798917, 0.6751755), (0.6140135, 0.38508335, 0.6889835), (0.593861, 0.3836844, 0.7071884), (0.573441, 0.37481418, 0.7284778), (0.53656214, 0.34563866, 0.76982796), (0.50309896, 0.3288573, 0.7992149), (0.4664949, 0.3099006, 0.82845885), (0.2981561, 0.23633978, 0.92479545), (0.36491233, 0.27440485, 0.889686), (0.3937486, 0.29018167, 0.87221366), (0.4190813, 0.3040173, 0.85553753), (0.443859, 0.33968085, 0.82922024), (0.4631268, 0.3449537, 0.81640714), (0.4834236, 0.33968842, 0.806792), (0.5028201, 0.32308882, 0.8017391), (0.519687, 0.29348537, 0.8023664), (0.521876, 0.27172124, 0.808587), (0.517431, 0.24641879, 0.8194773), (0.5562966, 0.25853685, 0.78974223), (0.50331926, 0.21540883, 0.83682066), (0.45094892, 0.16377693, 0.87739515), (0.42164394, 0.12507844, 0.89809346), (0.39533657, 0.10507067, 0.91250706), (0.34160167, 0.06455288, 0.9376254), (0.3594211, 0.11482936, 0.92608356), (0.22951145, 0.024187377, 0.9730054), (0.3640705, 0.15563211, 0.9182763), (0.23875359, 0.07312643, 0.96832293), (0.35949552, 0.18981524, 0.9136374), (0.2383946, 0.11515656, 0.9643169), (0.3323102, 0.23689683, 0.9129348), (0.21503972, 0.17265254, 0.96122265), (0.3015825, 0.26376477, 0.91622937), (0.19149514, 0.20882106, 0.95902216), (0.2700872, 0.27293336, 0.923342), (0.17042983, 0.2263334, 0.95902395), (0.24129272, 0.2659048, 0.9333126), (0.15472594, 0.22662076, 0.96161485), (0.2111945, 0.21147232, 0.9542937), (0.15255523, 0.18308122, 0.9711891), (0.18553726, 0.19612128, 0.96286684), (0.14525609, 0.17692007, 0.9734475), (0.14033283, 0.17162663, 0.9751159), (0.1640221, 0.18319152, 0.9692975), (0.17703183, 0.18900868, 0.9658858), (0.15057644, 0.17309223, 0.9733273), (0.18371515, 0.1919362, 0.96405876), (0.33206534, 0.26336098, 0.90574485), (0.35823387, 0.277553, 0.89142185), (0.3806584, 0.29001924, 0.87805927), (0.40043, 0.3280247, 0.8556025), (0.41910166, 0.33168426, 0.845186), (0.43963918, 0.3231848, 0.83801484), (0.45980027, 0.30139303, 0.83531195), (0.47743982, 0.26460215, 0.8378764), (0.47787905, 0.2371929, 0.84579617), (0.47029653, 0.20433126, 0.8585278), (0.2660013, 0.22868407, 0.93645453), (0.06624745, 0.13336477, 0.9888505), (0.11505308, 0.15955454, 0.9804617), (0.028110407, 0.11520466, 0.99294406), (-0.014258591, 0.093966536, 0.9954733), (-0.087362885, 0.101635315, 0.9909783), (-0.10850798, 0.07905422, 0.9909473), (-0.11835542, 0.037608553, 0.9922589), (0.07242041, 0.17733507, 0.9814824), (0.08274637, 0.15149581, 0.9849884), (-0.1168554, -0.023380581, 0.9928738), (0.098674595, 0.10630722, 0.98942524), (0.11787172, 0.039146345, 0.992257), (-0.1053608, -0.10563352, 0.9888077), (0.11429713, -0.009932114, 0.993397), (-0.11456334, -0.1655109, 0.9795313), (-0.13178848, -0.230878, 0.96401626), (-0.16254625, -0.30450243, 0.9385398), (0.073656626, -0.1317469, 0.9885431), (0.20643604, -0.034094416, 0.977866), (0.4419238, 0.17314562, 0.8801842), (0.44763267, 0.21048824, 0.86909133), (0.4431849, 0.240723, 0.86350435), (0.41575217, 0.28085363, 0.86502683), (0.38156357, 0.30150378, 0.8737876), (0.34342346, 0.30501166, 0.8882726), (0.30547526, 0.292932, 0.906022), (0.2547925, 0.23151004, 0.9388737), (0.21643768, 0.21010232, 0.95342106), (0.41490626, 0.15394545, 0.8967461), (0.4203072, 0.19255197, 0.8867162), (0.4157821, 0.2240755, 0.88142806), (0.3883593, 0.26657978, 0.8821067), (0.3551827, 0.28924856, 0.88892096), (0.31918123, 0.29462564, 0.9007325), (0.28418487, 0.28417003, 0.91568905), (0.24028377, 0.22496773, 0.94427395), (0.20604412, 0.20547296, 0.956727), (0.1012369, -0.06589382, 0.9926778), (0.06958679, 0.18524529, 0.98022544), (0.09425719, 0.15331998, 0.98367107), (0.10475819, 0.15657488, 0.9820947), (0.2231022, 0.30704448, 0.92517525), (0.1995332, 0.3012669, 0.93242955), (0.15405804, 0.2808226, 0.94731456), (0.116096616, 0.2921164, 0.9493101), (0.1204842, 0.25272268, 0.9600077), (0.08029928, 0.2581372, 0.9627655), (0.118504375, 0.2504788, 0.96084195), (0.07819285, 0.2553988, 0.96366876), (0.095258415, 0.23811099, 0.9665553), (0.05878327, 0.2443396, 0.96790636), (0.047106486, 0.21012035, 0.97654), (0.019063523, 0.21968219, 0.9753853), (-0.99373347, 0.11177504, -0.0003012895), (-0.9816142, 0.16133808, -0.1019985), (-0.9735243, 0.22858359, -0.00007031985), (-0.9119754, 0.2819633, -0.29798937), (-0.9400872, 0.34093416, -0.000020709005), (-0.8883146, 0.35169947, -0.29530445), (-0.8593039, 0.41936055, -0.292803), (-0.7796107, 0.24033959, -0.57831144), (-0.7722214, 0.27072042, -0.574791), (-0.58454466, 0.11492775, -0.8031807), (-0.593471, 0.105103776, -0.7979633), (-0.85689247, 0.22629929, -0.46316734), (-0.78462386, 0.21337086, -0.5820982), (-0.78462386, 0.21337086, -0.5820982), (-0.65261, 0.15631878, -0.7413937), (-0.60049725, 0.10089642, -0.79323584), (-0.60635823, 0.104640596, -0.7882767), (-0.603704, 0.110398315, -0.7895276), (-0.5813704, 0.12583554, -0.80384946), (-0.63995594, 0.4655758, -0.61130655), (-0.5132344, 0.5315525, -0.6738267), (-0.4665571, 0.80828625, -0.35916296), (-0.30090094, 0.8680937, -0.39480636), (-0.30126435, 0.9535407, -0.00008237362), (-0.19722971, 0.9803573, -0.00003072619), (-0.1235632, 0.899203, -0.41972154), (0.02370923, 0.99971896, 0.000031497762), (0.021583354, 0.9006099, -0.43409228), (0.12739585, 0.8854775, -0.4468781), (-0.06305388, 0.55934894, -0.82653075), (-0.006291447, 0.5443337, -0.8388453), (-0.26627257, 0.09179169, -0.9595172), (-0.24368511, 0.08041746, -0.96651477), (-0.51193845, 0.14699158, -0.8463525), (-0.42375275, 0.14532174, -0.89404434), (-0.32945415, 0.11996512, -0.93651927), (0.0119804405, 0.537408, -0.8432373), (0.28768608, 0.9575896, -0.016089201), (0.1507386, 0.9885737, 0.00007984042), (-0.4001549, 0.9164475, -0.000029884279), (-0.6051393, 0.729202, -0.31948543), (-0.69612676, 0.4158658, -0.5852036), (-0.490072, 0.8716819, -0.000028505921), (-0.5707486, 0.8211249, 0.000017029932), (-0.68247426, 0.6660784, -0.30094618), (-0.7153205, 0.6987965, -0.00001437217), (-0.7363545, 0.6088515, -0.29509673), (-0.8248209, 0.48446977, -0.29147837), (-0.7611978, 0.30413565, -0.5727823), (-0.841416, 0.54038805, 0.00002493733), (-0.72380143, 0.37803453, -0.5772361), (-0.3564141, 0.571301, -0.73931336), (-0.18590933, 0.5767242, -0.7955043), (-0.6183053, 0.42297435, 0.6624132), (-0.55906874, 0.38094196, 0.7364274), (-0.57548714, 0.3743788, 0.7270867), (-0.5265755, 0.34788316, 0.7756905), (-0.5874912, 0.3640037, 0.7227416), (-0.54403794, 0.3389624, 0.7675463), (-0.5958518, 0.3511803, 0.72224164), (-0.556695, 0.32654476, 0.7638451), (-0.60415196, 0.32687598, 0.7267411), (-0.5688738, 0.3004523, 0.76557887), (-0.60287815, 0.3055962, 0.7369864), (-0.57030445, 0.27762622, 0.77309555), (-0.5931637, 0.28809732, 0.7517692), (-0.56241477, 0.25895086, 0.7852605), (-0.5763457, 0.27462828, 0.7696786), (-0.5467654, 0.2452079, 0.8005753), (-0.53256714, 0.2617115, 0.8049096), (-0.50319284, 0.23661834, 0.83114904), (-0.5035418, 0.2431408, 0.8290526), (-0.476142, 0.21986067, 0.85144013), (-0.4457426, 0.20110065, 0.87227994), (-0.47095397, 0.2228444, 0.85354716), (-0.6275985, 0.41145387, 0.660928), (-0.6346818, 0.39790174, 0.66245997), (-0.6392214, 0.3832504, 0.6667197), (-0.6440744, 0.35959128, 0.6751758), (-0.6404723, 0.3392499, 0.6889882), (-0.6292573, 0.32237166, 0.70718575), (-0.6113451, 0.30928326, 0.7284237), (-0.56761163, 0.2918564, 0.7698292), (-0.5363477, 0.27126738, 0.7992153), (-0.50162923, 0.24904597, 0.828459), (-0.42019415, 0.17865413, 0.8896739), (-0.44817972, 0.19590525, 0.87221336), (-0.47282797, 0.2109266, 0.8555371), (-0.5160574, 0.21463773, 0.8292258), (-0.5303596, 0.22852616, 0.81639117), (-0.5358588, 0.24884795, 0.80680245), (-0.53114575, 0.2739772, 0.8017611), (-0.5140205, 0.30327275, 0.8023769), (-0.49633735, 0.31605646, 0.8085527), (-0.4721611, 0.3248111, 0.8194887), (-0.502048, 0.35249835, 0.7897422), (-0.43854794, 0.32803416, 0.83670145), (-0.3673101, 0.30864316, 0.8773954), (-0.3191449, 0.3026145, 0.89809304), (-0.28870043, 0.28986034, 0.91248727), (-0.2267066, 0.2635538, 0.9376266), (-0.27915666, 0.25385216, 0.9260835), (-0.1356676, 0.18670277, 0.9730038), (-0.31681517, 0.23747793, 0.9182769), (-0.18270603, 0.17020303, 0.968323), (-0.34413314, 0.21642552, 0.913637), (-0.21892557, 0.14887746, 0.96431696), (-0.3713121, 0.169343, 0.91293496), (-0.25701827, 0.0999467, 0.96122444), (-0.37921917, 0.12929541, 0.916229), (-0.27659276, 0.061428573, 0.959022), (-0.37140974, 0.09743436, 0.9233426), (-0.2812259, 0.03443024, 0.95902383), (-0.35092703, 0.07601389, 0.9333125), (-0.2736437, 0.020642795, 0.9616096), (-0.28874052, 0.077163875, 0.95429283), (-0.23483248, 0.04057666, 0.9711886), (-0.2626508, 0.06264881, 0.962855), (-0.22584225, 0.03733363, 0.97344834), (-0.21895684, 0.035422824, 0.97509146), (-0.24070057, 0.05048115, 0.9692858), (-0.25223938, 0.058837235, 0.96587455), (-0.25811318, 0.06316014, 0.96404797), (-0.39410985, 0.15589643, 0.9057449), (-0.4194855, 0.17146266, 0.8914216), (-0.44149372, 0.18465056, 0.878059), (-0.4842931, 0.18277042, 0.85560226), (-0.49679792, 0.1971102, 0.84518605), (-0.49970603, 0.2191463, 0.83801484), (-0.49091384, 0.24750184, 0.83531225), (-0.46791208, 0.2811494, 0.83786243), (-0.44435483, 0.29525864, 0.84579617), (-0.4121487, 0.3051141, 0.8585097), (-0.14862177, -0.009313105, 0.9888503), (-0.19570509, 0.019862164, 0.98046166), (-0.11382703, -0.033260413, 0.9929437), (-0.074246995, -0.059334118, 0.99547327), (-0.044336997, -0.12647684, 0.99097824), (-0.014209367, -0.13349807, 0.9909472), (0.026607769, -0.12130313, 0.9922589), (-0.18978728, -0.025949206, 0.9814823), (-0.17257221, -0.0040879156, 0.9849884), (0.078675754, -0.08950991, 0.99287367), (-0.14140262, 0.032300733, 0.98942506), (-0.09283738, 0.08250623, 0.99225706), (0.14418463, -0.038383413, 0.9888061), (-0.04854757, 0.10395013, 0.993397), (0.20061782, -0.016459787, 0.97953135), (0.26588124, 0.0012813347, 0.964005), (0.34502682, 0.011489565, 0.9385225), (0.07726852, 0.12966134, 0.98854315), (-0.073690645, 0.19582523, 0.9778662), (-0.37087154, 0.2961768, 0.8801896), (-0.40619683, 0.28243336, 0.86904293), (-0.43002796, 0.26347438, 0.8635145), (-0.45110312, 0.21962534, 0.8650264), (-0.4518911, 0.17969073, 0.8737881), (-0.43585753, 0.14490551, 0.88827395), (-0.40642607, 0.11808252, 0.9060212), (-0.32788625, 0.10490689, 0.9388744), (-0.29016894, 0.08238811, 0.9534223), (-0.34077016, 0.282347, 0.89674747), (-0.37691513, 0.2677232, 0.88671273), (-0.40194917, 0.24804084, 0.8814266), (-0.42504495, 0.20303668, 0.882107), (-0.4281293, 0.16298394, 0.88889915), (-0.4147409, 0.12910195, 0.90073454), (-0.38819414, 0.104027264, 0.91568756), (-0.31496263, 0.09560466, 0.9442767), (-0.2810324, 0.07576563, 0.9567029), (0.0064476496, 0.120619915, 0.9926778), (-0.19522126, -0.032359064, 0.9802253), (-0.17990777, 0.0049693463, 0.983671), (-0.18797569, 0.0124341715, 0.982095), (0.14147204, 0.32549357, -0.9349009), (-0.03281737, 0.97976464, -0.19744445), (-0.027166657, 0.84445226, -0.53494143), (-0.18795076, 0.9729204, 0.13453811), (0.15859587, 0.6521447, -0.7413196), (0.25500315, 0.7891307, -0.5587901), (0.05070234, 0.6682546, -0.7422028), (0.34533677, 0.84365827, -0.41107598), (0.52253467, 0.8525951, -0.0062698135), (-0.023369508, 0.42588615, -0.9044749), (0.12896737, -0.87637424, -0.4640426), (0.11731763, -0.8557901, -0.5038453), (0.095401496, -0.7892919, -0.60656154), (0.13298056, -0.74314076, -0.65578806), (0.09865123, -0.7164287, -0.69065034), (0.044135977, -0.7041518, -0.7086765), (-0.036460944, -0.694523, -0.71854603), (-0.057802662, -0.6923951, -0.7191994), (0.009412702, 0.63764894, -0.7702696), (0.009412574, 0.63764966, -0.7702691), (-0.10566701, -0.6859057, -0.7199777), (0.013461212, 0.6333231, -0.7737705), (0.0157081, 0.6222991, -0.782622), (-0.15206775, -0.6807988, -0.7165113), (0.014103865, 0.60187536, -0.79846543), (-0.19711512, -0.679004, -0.7071769), (0.0014319476, 0.6311587, -0.7756524), (-0.0026168006, 0.60812145, -0.7938398), (-0.0094778845, 0.5427112, -0.839866), (-0.009468201, 0.54270554, -0.83986974), (-0.01864798, 0.47133726, -0.881756), (0.12470786, 0.9695432, 0.21079342), (0.089125656, 0.9851104, 0.14701742), (-0.051089767, 0.34259635, -0.9380925), (-0.04891351, 0.3633802, -0.930356), (-0.04899339, 0.36334655, -0.930365), (-0.06462921, 0.393594, -0.91700983), (0.10015965, 0.9863623, 0.1306053), (0.08028965, 0.9948561, 0.06176509), (-0.032813363, 0.40451682, -0.91394174), (0.036128297, 0.9988028, 0.032982923), (-0.007064892, 0.40623578, -0.913741), (-0.02792757, 0.99960977, 0.000716947), (0.02568212, 0.40446693, -0.914192), (-0.037674144, 0.9992798, -0.004549371), (0.025720187, 0.4044682, -0.9141904), (-0.0670219, 0.9970847, -0.036471598), (0.051372234, 0.39661017, -0.91654855), (-0.09145181, 0.99279875, -0.07737736), (0.078210294, 0.38336366, -0.9202801), (-0.108778484, 0.98501515, -0.13383774), (0.10753422, 0.36129016, -0.92623204), (0.00077846006, 0.5598073, -0.8286226), (0.019476369, 0.5427759, -0.8396517), (0.0054027718, 0.56616175, -0.8242765), (0.01291558, 0.5657456, -0.82447875), (0.016405964, 0.58678055, -0.8095798), (0.026805611, 0.5311321, -0.84686494), (0.026483972, 0.5514566, -0.83378315), (0.034585677, 0.5156477, -0.85610247), (0.038873058, 0.514819, -0.8564171), (0.04324427, 0.496667, -0.86686325), (0.053025287, 0.47506443, -0.878352), (0.0044567245, 0.55407, -0.83245814), (0.053265747, 0.4768556, -0.87736624), (0.07635196, 0.4284613, -0.9003285), (0.070043445, 0.4381133, -0.8961868), (0.08235438, 0.41743606, -0.9049669), (0.105158366, 0.3780766, -0.9197825), (0.106514, 0.37697545, -0.92007846), (0.14626215, 0.31945655, -0.9362452), (0.14147204, 0.32549357, -0.9349009), (0.10753422, 0.36129016, -0.92623204), (0.08880753, 0.39880657, -0.91272485), (0.07384335, 0.41381252, -0.90736234), (0.05896835, 0.45293388, -0.8895919), (0.047884736, 0.46400237, -0.88453877), (0.03742249, 0.5026941, -0.86365396), (0.045597557, 0.49171683, -0.8695605), (0.028420845, 0.54072714, -0.8407179), (0.03424292, 0.52957785, -0.8475699), (0.021952378, 0.5769752, -0.8164667), (0.024941616, 0.5662213, -0.82387584), (0.016667636, 0.6122621, -0.7904791), (0.014840872, 0.61967534, -0.78471804), (0.0157081, 0.6222991, -0.782622), (0.013461212, 0.6333231, -0.7737705), (0.009210548, 0.6272977, -0.7787252), (0.009412574, 0.63764966, -0.7702691), (0.009412702, 0.63764894, -0.7702696), (0.0025542255, 0.6255512, -0.78017884), (0.0014319476, 0.6311587, -0.7756524), (-0.0023600191, 0.6161017, -0.78766316), (-0.0026168006, 0.60812145, -0.7938398), (-0.009706039, 0.58267605, -0.8126467), (-0.0060303505, 0.5805769, -0.81418306), (-0.016768219, 0.54931146, -0.8354494), (-0.016692337, 0.5109448, -0.8594516), (-0.027527828, 0.5170502, -0.8555124), (-0.023297353, 0.48172277, -0.876014), (-0.03856581, 0.48382986, -0.8743119), (-0.02983798, 0.45181218, -0.89161396), (-0.049674623, 0.4499831, -0.89165455), (-0.03641509, 0.42146674, -0.90611243), (-0.043091204, 0.39075634, -0.91948503), (-0.060954895, 0.41562945, -0.9074892), (-0.04899339, 0.36334655, -0.930365), (-0.06462921, 0.393594, -0.91700983), (-0.039014187, 0.43845025, -0.8979084), (-0.032813363, 0.40451682, -0.91394174), (-0.0140696075, 0.44393674, -0.8959477), (-0.007064892, 0.40623578, -0.913741), (0.020495608, 0.4429484, -0.8963128), (0.02568212, 0.40446693, -0.914192), (0.025720187, 0.4044682, -0.9141904), (0.046258263, 0.43311244, -0.90015215), (0.051372234, 0.39661017, -0.91654855), (0.059707623, 0.42494822, -0.9032464), (0.078210294, 0.38336366, -0.9202801), (-0.04891351, 0.3633802, -0.930356), (-0.04508162, 0.37416276, -0.92626673), (-0.038841005, 0.4018962, -0.9148612), (-0.0415358, 0.38078272, -0.9237312), (-0.03559353, 0.40489182, -0.91367155), (-0.032628987, 0.42938069, -0.902534), (-0.029609218, 0.42875725, -0.9029344), (-0.026437944, 0.45650747, -0.88932663), (-0.023511332, 0.45230797, -0.89155185), (-0.02658589, 0.41546384, -0.9092212), (-0.023369508, 0.42588615, -0.9044749), (-0.029703382, 0.36628416, -0.9300289), (-0.03264131, 0.39624047, -0.9175664), (-0.034214377, 0.35582507, -0.9339261), (-0.03884485, 0.37599117, -0.9258087), (-0.04393521, 0.3378977, -0.9401569), (-0.04498577, 0.35638115, -0.93325716), (-0.05032309, 0.32509065, -0.94434303), (-0.05111015, 0.32335174, -0.9448976), (-0.05031416, 0.33655924, -0.94031715), (-0.052653104, 0.32121882, -0.9455402), (-0.051089767, 0.34259635, -0.9380925), (-0.04743438, 0.35656282, -0.9330664), (-0.032500725, 0.3590369, -0.9327573), (-0.030779075, 0.36287895, -0.9313279), (-0.01864798, 0.47133726, -0.881756), (-0.020230366, 0.4830991, -0.87533194), (-0.01018463, 0.5395085, -0.8419186), (-0.009468201, 0.54270554, -0.83986974), (-0.0094778845, 0.5427112, -0.839866), (0.017375175, 0.6016852, -0.79854435), (0.014103865, 0.60187536, -0.79846543), (0.036858067, 0.47231042, -0.8806614), (0.028958391, 0.5105863, -0.85933876), (0.023114577, 0.548218, -0.836016), (0.017976556, 0.58461, -0.81111526), (0.01620431, 0.48169848, -0.8761873), (0.012749824, 0.51969564, -0.8542564), (-0.011489465, 0.48204774, -0.87606966), (-0.03171209, 0.47574928, -0.8790092), (0.010601845, 0.5569066, -0.8305076), (-0.008604906, 0.51937205, -0.854505), (-0.024457159, 0.5122997, -0.8584584), (0.008946955, 0.59274304, -0.8053419), (-0.0054090964, 0.5556503, -0.83139855), (-0.017074669, 0.5481138, -0.83622944), (-0.0015139978, 0.59130436, -0.8064471), (0.59370214, 0.8046849, 0.000020929263), (0.63049203, 0.76946265, -0.102014616), (0.6847261, 0.72880054, -0.00007287192), (0.7001746, 0.6488134, -0.2979878), (0.7653016, 0.643672, -0.000020973153), (0.748744, 0.5934453, -0.2953051), (0.7928292, 0.53449833, -0.2928028), (0.59794545, 0.5549934, -0.5783111), (0.62052876, 0.5334068, -0.57482284), (0.39180315, 0.44876453, -0.80318165), (0.38771597, 0.46141705, -0.7979791), (0.6244162, 0.628942, -0.46318087), (0.5770991, 0.5728124, -0.582102), (0.5770991, 0.5728124, -0.582102), (0.46168017, 0.48701578, -0.74139535), (0.3876272, 0.46959773, -0.793236), (0.39372876, 0.4728553, -0.7882802), (0.39746007, 0.467624, -0.78952736), (0.39966193, 0.44056383, -0.8038494), (0.72317815, 0.3214303, -0.6113068), (0.71697557, 0.17866004, -0.673815), (0.93321127, -0.00023524539, -0.3593282), (0.90224266, -0.17341639, -0.39482287), (0.9764228, -0.21586728, -0.00008013845), (0.94762945, -0.31937194, -0.000041037798), (0.8405139, -0.342593, -0.4197217), (0.85392725, -0.5203924, 0.00003155694), (0.76915836, -0.46899617, -0.43409452), (0.7031477, -0.5530663, -0.44687924), (0.51593715, -0.2250683, -0.8265308), (0.47455323, -0.26671857, -0.8388447), (0.21262646, 0.18470655, -0.9595174), (0.19147879, 0.1708369, -0.96651477), (0.38330343, 0.3698292, -0.84634805), (0.3377286, 0.29432023, -0.89404416), (0.26861948, 0.22533329, -0.9365193), (0.459419, -0.2790716, -0.84323967), (0.68545115, -0.7279355, -0.016331613), (0.7807606, -0.62483037, 0.000076442964), (0.9937444, -0.111679256, -0.000028483573), (0.934077, 0.1594648, -0.31948584), (0.7082139, 0.39493057, -0.5852034), (0.9999349, -0.011411566, -0.000016679987), (0.9964893, 0.0837202, 0.000016925622), (0.918078, 0.2580008, -0.30094615), (0.9628357, 0.2700877, -0.000014134916), (0.89545786, 0.33327636, -0.2950967), (0.8319737, 0.47208083, -0.29147848), (0.64398783, 0.5071487, -0.57278264), (0.8886979, 0.45849332, 0.000025085174), (0.6892625, 0.43785062, -0.5772383), (0.67296803, 0.023014259, -0.73931354), (0.5924142, -0.12735991, -0.79550296), (0.05070234, 0.6682546, -0.7422028), (-0.15743865, 0.6014111, -0.78327376), (0.2861823, 0.95816654, -0.004077111), (0.52383196, 0.85182154, 0.00039294548)] (
                                            interpolation = "vertex"
                                        )
                                        point3f[] points = [(0.0022749463, -0.0010955575, 0.00665), (0.002626443, -0.001169369, 0.0069999998), (0.002525, -1.0834226e-9, 0.00665), (0.0028749998, -1.1404447e-9, 0.0069999998), (0.002626443, 0.0011693666, 0.0069999998), (0.0019237505, -0.0021365425, 0.0069999993), (0.0015743116, -0.0019741256, 0.0066499994), (0.0008884238, -0.0027342886, 0.0069999993), (0.00056186534, -0.0024616942, 0.0066499994), (-0.00030051934, -0.0028592513, 0.0069999993), (-0.00056186534, -0.0024616942, 0.0066499994), (-0.0014374999, -0.0024898243, 0.0069999993), (-0.0015743116, -0.0019741256, 0.0066499994), (-0.0023259239, -0.0016898836, 0.0069999993), (-0.0022749463, -0.0010955575, 0.00665), (-0.0028121741, -0.0005977473, 0.0069999998), (-0.002525, -1.0834226e-9, 0.00665), (-0.0028121741, 0.00059774495, 0.0069999998), (-0.0022749463, 0.0010955554, 0.00665), (-0.0023259239, 0.0016898813, 0.007), (-0.0015743116, 0.0019741233, 0.0066500003), (-0.0014374999, 0.002489822, 0.007), (-0.00056186534, 0.0024616919, 0.0066500003), (-0.00030051934, 0.002859249, 0.007), (0.00056186534, 0.0024616919, 0.0066500003), (0.0008884238, 0.0027342862, 0.007), (0.0015743116, 0.0019741233, 0.0066500003), (0.0019237505, 0.0021365401, 0.007), (0.0022749463, 0.0010955554, 0.00665), (-0.005877972, 0.00050935504, 0.0069999998), (-0.0028121741, 0.00059774495, 0.0069999998), (-0.005482576, 0.002179761, 0.007), (-0.0023259239, 0.0016898813, 0.007), (-0.004824222, 0.0034322976, 0.007), (-0.0038742626, 0.004478566, 0.0070000007), (-0.0014374999, 0.002489822, 0.007), (-0.003123389, 0.0050054397, 0.0070000007), (-0.0015503876, 0.005692652, 0.0070000007), (-0.00030051934, 0.002859249, 0.007), (0.00015385132, 0.0058979923, 0.0070000007), (0.0008884238, 0.0027342862, 0.007), (0.0018450669, 0.00560408, 0.0070000007), (0.0033801016, 0.004835794, 0.0070000007), (0.0019237505, 0.0021365401, 0.007), (0.0046290173, 0.0036581673, 0.007), (0.002626443, 0.0011693666, 0.0069999998), (0.005384569, 0.0024617484, 0.007), (0.005815684, 0.001115925, 0.0069999998), (0.0028749998, -1.1404447e-9, 0.0069999998), (0.0058965334, 0.00020221283, 0.0069999998), (0.005705176, -0.0015036525, 0.0069999993), (0.002626443, -0.001169369, 0.0069999998), (0.0050308863, -0.0030822372, 0.0069999993), (0.0019237505, -0.0021365425, 0.0069999993), (0.0039307433, -0.0043999166, 0.006999999), (0.0024978705, -0.005345152, 0.006999999), (0.0008884238, -0.0027342886, 0.0069999993), (0.00085355825, -0.0058379318, 0.006999999), (-0.00030051934, -0.0028592513, 0.0069999993), (-0.00056034693, -0.005894049, 0.006999999), (-0.0019414215, -0.005594494, 0.006999999), (-0.0014374999, -0.0024898243, 0.0069999993), (-0.0027731445, -0.0052076555, 0.006999999), (-0.0041547883, -0.0041890023, 0.0069999993), (-0.0023259239, -0.0016898836, 0.0069999993), (-0.005184738, -0.0028157588, 0.0069999993), (-0.0028121741, -0.0005977473, 0.0069999998), (-0.00577581, -0.0012041669, 0.0069999998), (-0.003308675, 0.005302373, 0.006650001), (-0.0016423597, 0.006030352, 0.006650001), (-0.0031538852, 0.0053958776, 0.0065902225), (-0.001680411, 0.006019664, 0.0059488863), (-0.00027662268, 0.006243888, 0.0051944233), (0.00016297807, 0.0062478734, 0.006650001), (0.00095110305, 0.0061772075, 0.004295156), (0.00195452, 0.0059365258, 0.006650001), (0.0019697705, 0.0059314836, 0.0032207537), (0.0026590826, 0.005656129, 0.0021236707), (0.003580616, 0.005122663, 0.006650001), (0.0029560404, 0.005506733, 0.0014348145), (0.003221477, 0.005355799, 0.0005979083), (0.0032730426, 0.005324443, 0.00039806857), (0.0037099742, 0.0050297696, 0.0035994004), (0.0045395833, 0.004295891, 0.00039800067), (0.004278905, 0.004555395, 0.0036778254), (0.004783098, 0.004022992, 0.0036124785), (0.00490362, 0.0038751774, 0.0066500003), (0.0044041593, 0.0044346214, 0.006267539), (0.0041109477, 0.004707717, 0.005815729), (0.003968064, 0.0048287627, 0.0054528196), (0.003831257, 0.0049380115, 0.0049139), (0.0037567704, 0.004994913, 0.004421961), (0.0037266435, 0.00501743, 0.004083695), (0.0054967594, 0.0029745814, 0.00039800047), (0.005554301, 0.0028657024, 0.0031363675), (0.0060177213, 0.0016880549, 0.0023498174), (0.0060793404, 0.0014505589, 0.0003980002), (0.006228054, 0.0005233001, 0.0014130069), (0.006247624, -0.00017231664, 0.00039799995), (0.0062495945, -0.00007145518, 0.000945077), (0.00621089, -0.00069807604, 0.0006027209), (0.0061024777, -0.0013494595, 0.0004374565), (0.0059901425, -0.0017834493, 0.00039799968), (0.005922648, -0.0019962832, 0.00043707766), (0.005324443, -0.0032730426, 0.00039799945), (0.0053373105, -0.00325202, 0.0007403092), (0.004879141, -0.003905859, 0.0008776992), (0.004295891, -0.0045395833, 0.00039799925), (0.004284748, -0.0045501026, 0.00091019913), (0.0029745814, -0.0054967594, 0.00039799907), (0.0014715043, -0.006074304, 0.00039799899), (0.0029745814, -0.0054967594, 0.00039799907), (0.0025009217, -0.005727818, 0.0035993985), (0.0018056356, -0.0059833387, 0.0036778238), (0.0026460493, -0.0056622378, 0.006649999), (0.00302752, -0.00546778, 0.00059790653), (0.0032909506, -0.0053133736, 0.0014348128), (0.0035688106, -0.0051308987, 0.0021236688), (0.0041639227, -0.004660928, 0.006649999), (0.0041519306, -0.0046716137, 0.003220752), (0.004874068, -0.0039122845, 0.0042951545), (0.005329329, -0.0032650814, 0.0066499994), (0.0055456776, -0.0028823828, 0.005194422), (0.006043618, -0.0015928522, 0.0066499994), (0.0060533886, -0.0015545549, 0.005948885), (0.0062499107, 0.000033404278, 0.0065902215), (0.0062463284, 0.00021420865, 0.00665), (0.00090419303, -0.0061842497, 0.006649999), (0.001638416, -0.0060314266, 0.0062675374), (0.0020215292, -0.005914045, 0.005815727), (0.0021977997, -0.0058508273, 0.005452818), (0.0023608159, -0.005786973, 0.004913898), (0.002447337, -0.005750917, 0.004421959), (0.0024819009, -0.0057360837, 0.004083693), (0.0010924645, -0.006153781, 0.0036124769), (-0.0001292446, -0.0062486636, 0.00039799896), (-0.00029537905, -0.0062430175, 0.0031363661), (-0.001546962, -0.006055528, 0.0023498163), (-0.0017214151, -0.006008263, 0.00039799899), (-0.0026608356, -0.0056553027, 0.0014130059), (-0.0031993254, -0.005369061, 0.0003979991), (-0.0031866792, -0.00537658, 0.0009450761), (-0.0037099966, -0.0050297505, 0.0006027202), (-0.004219905, -0.004610171, 0.00043745598), (-0.0044648782, -0.004373484, 0.00039799928), (-0.004690156, -0.004131022, 0.0004370773), (-0.005434072, -0.0030876135, 0.00039799948), (-0.0054849866, -0.0029962368, 0.00074030925), (-0.005822144, -0.002272531, 0.00087769947), (-0.006042576, -0.0015968012, 0.0003979997), (-0.0060828784, -0.001435649, 0.00091019965), (-0.0062499996, -6.484243e-11, 0.00039799997), (-0.006249995, 0.000007574294, 0.0004322081), (-0.0062494054, 0.00008616641, 0.00039799997), (-0.006247624, 0.00017231652, 0.000398), (-0.0059901425, 0.0017834491, 0.00039800027), (-0.006247624, 0.00017231652, 0.000398), (-0.006210896, 0.0006980463, 0.0035993995), (-0.006084541, 0.0014279422, 0.003677825), (-0.0062266653, 0.00053957116, 0.00665), (-0.0062489966, 0.00011198102, 0.0005979074), (-0.006246991, -0.00019336073, 0.0014348136), (-0.0062278938, -0.00052523206, 0.0021236697), (-0.006118443, -0.0012756005, 0.00665), (-0.006121701, -0.0012598712, 0.0032207526), (-0.005825171, -0.0022649255, 0.0042951545), (-0.005492307, -0.0029827955, 0.0066499994), (-0.005269055, -0.0033615073, 0.005194422), (-0.0044012587, -0.0044375025, 0.006649999), (-0.004372977, -0.004465112, 0.0059488844), (-0.0030960254, -0.0054292846, 0.0065902206), (-0.002937653, -0.0055165845, 0.006649999), (-0.0058078133, 0.002309069, 0.0066500003), (-0.006042576, 0.0015968017, 0.0062675388), (-0.006132477, 0.0012063254, 0.005815728), (-0.0061658644, 0.0010220619, 0.0054528187), (-0.006192073, 0.00084895885, 0.004913899), (-0.0062041073, 0.00075600104, 0.00442196), (-0.006208544, 0.00071865186, 0.004083694), (-0.005875563, 0.0021307876, 0.003612478), (-0.005324443, 0.0032730426, 0.0003980005), (-0.005258922, 0.003377314, 0.0031363675), (-0.004470759, 0.004367471, 0.002349818), (-0.004295891, 0.0045395833, 0.0003980007), (-0.0035672183, 0.0051320028, 0.0014130076), (-0.0029745814, 0.0054967594, 0.00039800088), (-0.0030629155, 0.0054480354, 0.00094507786), (-0.0025008933, 0.0057278266, 0.00060272194), (-0.0018825728, 0.0059596305, 0.0004374577), (-0.001450559, 0.0060793404, 0.00039800096), (-0.001232492, 0.006127305, 0.00043707897), (0.00017231658, 0.006247624, 0.000398001), (0.00014767643, 0.0062482567, 0.0007403107), (0.0009430025, 0.00617839, 0.0008777008), (0.0017834492, 0.0059901425, 0.00039800096), (0.0017981308, 0.0059857517, 0.0009102009), (0.0032730426, 0.005324443, 0.00039806857), (0.0022749463, -0.0010955565, 0.0006479998), (0.0022749463, -0.0010955575, 0.00665), (0.002525, -1.055726e-10, 0.000648), (0.002525, -1.0834226e-9, 0.00665), (0.0022749463, 0.0010955563, 0.00064800016), (0.0022749463, 0.0010955554, 0.00665), (0.0015743116, 0.0019741245, 0.00064800034), (0.0015743116, 0.0019741233, 0.0066500003), (0.00056186534, 0.002461693, 0.0006480004), (0.00056186534, 0.0024616919, 0.0066500003), (-0.00056186534, 0.002461693, 0.0006480004), (-0.00056186534, 0.0024616919, 0.0066500003), (-0.0015743116, 0.0019741245, 0.00064800034), (-0.0015743116, 0.0019741233, 0.0066500003), (-0.0022749463, 0.0010955563, 0.00064800016), (-0.0022749463, 0.0010955554, 0.00665), (-0.002525, -1.055726e-10, 0.000648), (-0.002525, -1.0834226e-9, 0.00665), (-0.0022749463, -0.0010955565, 0.0006479998), (-0.0022749463, -0.0010955575, 0.00665), (-0.0015743116, -0.0019741245, 0.00064799964), (-0.0015743116, -0.0019741256, 0.0066499994), (-0.00056186534, -0.002461693, 0.0006479996), (-0.00056186534, -0.0024616942, 0.0066499994), (0.00056186534, -0.002461693, 0.0006479996), (0.00056186534, -0.0024616942, 0.0066499994), (0.0015743116, -0.0019741245, 0.00064799964), (0.0015743116, -0.0019741256, 0.0066499994), (-0.0005870236, -0.0062384107, 0.0067061493), (0.00018716278, -0.0063586864, 0.0062136683), (0.00090419303, -0.0061842497, 0.006649999), (0.0010058188, -0.0063054767, 0.0057595437), (0.001638416, -0.0060314266, 0.0062675374), (0.0011995148, -0.0062805894, 0.005562102), (0.0012706012, -0.0062712757, 0.0054654256), (0.0015273322, -0.006272446, 0.0045249304), (0.0014273372, -0.0062506744, 0.005155479), (0.0015854948, -0.0062235603, 0.0045984313), (0.0021977997, -0.0058508273, 0.005452818), (0.0023608159, -0.005786973, 0.004913898), (0.0022996604, -0.0058215945, 0.0038270836), (0.002447337, -0.005750917, 0.004421959), (0.0024819009, -0.0057360837, 0.004083693), (0.0025009217, -0.005727818, 0.0035993985), (-0.0020645526, -0.005916784, 0.0067088893), (-0.0010198617, -0.0062612924, 0.006477637), (-0.00037563086, -0.0063393814, 0.006378576), (-0.00053968356, -0.0066533694, 0.0059310305), (-0.0000564543, -0.0067246743, 0.0057091615), (-0.0007484846, -0.007121956, 0.005682902), (-0.00034729776, -0.007265084, 0.0054451134), (-0.0011512579, -0.0075083287, 0.0057566413), (-0.00044866992, -0.007954137, 0.0053123464), (-0.002378436, -0.0057888213, 0.0066903187), (-0.00233468, -0.0059073535, 0.0063637635), (-0.002050474, -0.00600902, 0.006442098), (-0.001877467, -0.006063392, 0.0064724637), (-0.0020768887, -0.0063378727, 0.0060333502), (-0.0019206955, -0.0063787727, 0.0060658124), (-0.0021656135, -0.006805803, 0.0058138394), (-0.0020135343, -0.0068353363, 0.005844956), (-0.0022834626, -0.0072644297, 0.005817407), (-0.0016952317, -0.0073545296, 0.00585895), (-0.0025728475, -0.005808781, 0.006280656), (-0.002937653, -0.0055165845, 0.006649999), (-0.0030153058, -0.0055948487, 0.0061031403), (-0.0030960254, -0.0054292846, 0.0065902206), (-0.0034173282, -0.0053623146, 0.0059118955), (-0.004372977, -0.004465112, 0.0059488844), (-0.0040704184, -0.004893363, 0.005527205), (-0.0050177136, -0.003938535, 0.0047203554), (-0.005105977, -0.0044713933, 0.004149953), (-0.005475871, -0.0040482464, 0.0036832525), (-0.0057805954, -0.004728019, 0.003282725), (-0.0062671714, -0.004162512, 0.0025140876), (-0.0066046827, -0.0050258134, 0.002582167), (-0.0071804253, -0.0043562334, 0.0015033572), (-0.0066289394, -0.0036252826, 0.0017236602), (-0.00685577, -0.003831804, 0.0015124002), (-0.0066655013, -0.0032449686, 0.001424644), (-0.006217303, -0.0028688784, 0.0021979169), (-0.0063310913, -0.0026215191, 0.0018283994), (-0.006019463, -0.0021601515, 0.0028522457), (-0.006113157, -0.0018850225, 0.0024789262), (-0.006121701, -0.0012598712, 0.0032207526), (-0.0062087146, -0.0015529254, 0.0019655866), (-0.0062278938, -0.00052523206, 0.0021236697), (-0.0062793777, -0.0012488527, 0.0014005079), (-0.006246991, -0.00019336073, 0.0014348136), (-0.006345355, -0.0013013462, 0.0010059021), (-0.0062840967, -0.00055777066, 0.00071997166), (-0.0062489966, 0.00011198102, 0.0005979074), (-0.006247624, 0.00017231652, 0.000398), (-0.005269055, -0.0033615073, 0.005194422), (-0.005361313, -0.0034672336, 0.004289048), (-0.005904269, -0.0034404125, 0.002960666), (-0.005825171, -0.0022649255, 0.0042951545), (-0.005748952, -0.0027922976, 0.003601836), (-0.006451984, -0.0023254494, 0.0013356972), (-0.00578113, -0.005708892, 0.003631931), (-0.005367974, -0.0051149856, 0.0037862814), (-0.0041114944, -0.0053310045, 0.005040311), (-0.004685873, -0.00636434, 0.004602291), (-0.0042898445, -0.0058907196, 0.004750766), (-0.0034396022, -0.005757072, 0.0054634954), (-0.0030301213, -0.005969585, 0.0056714173), (-0.002579905, -0.006166894, 0.0058638635), (-0.003330417, -0.0069604507, 0.005416585), (-0.003579092, -0.006277669, 0.0052070636), (-0.003149875, -0.0064731045, 0.005430388), (-0.0025610097, -0.0072105355, 0.005740143), (-0.0026780032, -0.006657151, 0.005637945), (-0.0024251337, -0.0067427466, 0.0057348814), (-0.002337887, -0.0062582237, 0.0059537524), (-0.0012667781, -0.006981883, 0.005839282), (-0.00030408122, -0.007661657, 0.005254508), (0.00013602727, -0.007212086, 0.0051430366), (0.0005655652, -0.0068087983, 0.0051862756), (0.0006647465, -0.0068571675, 0.0049948096), (0.0006845016, -0.0068310006, 0.0050105555), (0.0020215292, -0.005914045, 0.005815727), (-0.0011250544, -0.0065502133, 0.0060701068), (0.0056961332, 0.0026108262, 0.0067061507), (0.005413201, 0.0033414294, 0.0062136697), (0.00490362, 0.0038751774, 0.0066500003), (0.004957793, 0.0040238015, 0.005759545), (0.0044041593, 0.0044346214, 0.006267539), (0.0048393914, 0.0041791038, 0.0055621034), (0.0047957823, 0.004236009, 0.005465427), (0.0046684304, 0.00445893, 0.0045249322), (0.0046995734, 0.004361446, 0.005155481), (0.004597013, 0.0044848574, 0.004598433), (0.003968064, 0.0048287627, 0.0054528196), (0.003831257, 0.0049380115, 0.0049139), (0.0038918182, 0.004902361, 0.0038270853), (0.0037567704, 0.004994913, 0.004421961), (0.0037266435, 0.00501743, 0.004083695), (0.0037099742, 0.0050297696, 0.0035994004), (0.0061563603, 0.0011704356, 0.00670889), (0.0059323683, 0.0022474185, 0.0064776386), (0.00567788, 0.0028443832, 0.0063785776), (0.006031828, 0.0028593035, 0.005931032), (0.005851965, 0.0033134448, 0.005709163), (0.0065420363, 0.0029127698, 0.0056829033), (0.006465395, 0.0033317716, 0.0054451153), (0.007078031, 0.0027571442, 0.005756643), (0.0071128192, 0.0035885079, 0.0053123483), (0.0062024835, 0.00083462306, 0.0066903196), (0.0062832576, 0.000931783, 0.0063637644), (0.0062292004, 0.0012287459, 0.006442099), (0.0061897836, 0.0014057602, 0.0064724647), (0.006527202, 0.0013702967, 0.006033351), (0.006484526, 0.0015260137, 0.006065814), (0.0069768047, 0.0015274241, 0.005813841), (0.0069263414, 0.0016738947, 0.005844957), (0.007432911, 0.0016546769, 0.0058174087), (0.007216824, 0.0022091498, 0.0058589517), (0.006316975, 0.0006762376, 0.006280657), (0.0062463284, 0.00021420865, 0.00665), (0.006352933, 0.00018609119, 0.0061031412), (0.0062499107, 0.000033404278, 0.0065902215), (0.006352564, -0.00027833701, 0.0059118965), (0.0060533886, -0.0015545549, 0.005948885), (0.006272985, -0.0010784055, 0.0055272058), (0.0059197275, -0.002376201, 0.0047203554), (0.0064253286, -0.0021862101, 0.0041499534), (0.0062438194, -0.0027181208, 0.0036832527), (0.0069848816, -0.0026421337, 0.0032827253), (0.0067384266, -0.0033462744, 0.0025140878), (0.007654823, -0.0032069169, 0.0025821675), (0.0073628216, -0.004040315, 0.0015033572), (0.006454056, -0.003928189, 0.0017236602), (0.0067463247, -0.00402137, 0.0015124001), (0.0061429758, -0.0041500092, 0.0014246439), (0.0055931727, -0.003949904, 0.0021979166), (0.0054358477, -0.004172127, 0.0018283991), (0.004880477, -0.0041329325, 0.0028522455), (0.0046890555, -0.0043516387, 0.0024789257), (0.0041519306, -0.0046716137, 0.003220752), (0.0044492297, -0.0046004425, 0.001965586), (0.0035688106, -0.0051308987, 0.0021236688), (0.0042212266, -0.0048136744, 0.0014005073), (0.0032909506, -0.0053133736, 0.0014348128), (0.004299676, -0.0048445654, 0.0010059015), (0.0036250919, -0.0051633017, 0.00071997097), (0.00302752, -0.00546778, 0.00059790653), (0.0029745814, -0.0054967594, 0.00039799907), (0.0055456776, -0.0028823828, 0.005194422), (0.0056833685, -0.0029094177, 0.004289048), (0.0059316186, -0.0033930417, 0.002960666), (0.004874068, -0.0039122845, 0.0042951545), (0.005292676, -0.0035825907, 0.0036018358), (0.00523989, -0.0044248574, 0.0013356969), (0.0078346105, -0.00215216, 0.0036319315), (0.0071136937, -0.00209131, 0.0037862821), (0.006672532, -0.0008951576, 0.0050403117), (0.007854616, -0.00087591616, 0.004602292), (0.0072464338, -0.0007697559, 0.004750767), (0.0067055714, -0.00010024795, 0.0054634963), (0.006684872, 0.00036062897, 0.0056714183), (0.0066306386, 0.0008491824, 0.0058638644), (0.0076931342, 0.00059599825, 0.005416586), (0.007226166, 0.000039248578, 0.0052070646), (0.00718081, 0.0005086792, 0.0054303887), (0.007525011, 0.001387367, 0.0057401443), (0.007104263, 0.0010093552, 0.005637946), (0.007051956, 0.0012711444, 0.0057348823), (0.0065887235, 0.001104441, 0.0059537534), (0.0066798762, 0.002393878, 0.0058392836), (0.006787229, 0.003567485, 0.00525451), (0.006177835, 0.0037238447, 0.0051430385), (0.005613809, 0.003894192, 0.005186277), (0.0056061074, 0.00400427, 0.004994811), (0.0055735684, 0.0040082945, 0.005010557), (0.0041109477, 0.004707717, 0.005815729), (0.006235177, 0.0023007796, 0.006070108), (-0.005876773, 0.0018127443, 0.0002980003), (-0.0028121741, 0.00059774605, 0.0002980001), (-0.00615, -4.855036e-11, 0.000298), (-0.0028121741, -0.00059774617, 0.0002979999), (-0.005876773, -0.0018127443, 0.0002979997), (-0.0023259239, -0.0016898825, 0.00029799974), (-0.0050813686, -0.0034644182, 0.00029799945), (-0.003834462, -0.0048082634, 0.0002979992), (-0.0014374999, -0.0024898231, 0.0002979996), (-0.0022468471, -0.0057248734, 0.00029799907), (-0.00030051934, -0.0028592502, 0.00029799953), (-0.00045959005, -0.0061328034, 0.000297999), (0.0013685037, -0.0059958063, 0.000297999), (0.0008884238, -0.0027342874, 0.00029799956), (0.003075, -0.0053260564, 0.00029799913), (0.0019237505, -0.0021365413, 0.00029799965), (0.004508269, -0.0041830624, 0.00029799933), (0.002626443, -0.0011693678, 0.0002979998), (0.0055409586, -0.002668385, 0.00029799956), (0.006081309, -0.00091660995, 0.00029799985), (0.0028749998, -4.855036e-11, 0.000298), (0.006081309, 0.00091660983, 0.00029800014), (0.002626443, 0.0011693678, 0.0002980002), (0.0055409586, 0.002668385, 0.00029800044), (0.004508269, 0.0041830624, 0.00029800067), (0.0019237505, 0.0021365413, 0.00029800035), (0.003075, 0.0053260564, 0.00029800087), (0.0008884238, 0.0027342874, 0.00029800044), (0.0013685037, 0.0059958063, 0.000298001), (-0.00030051934, 0.0028592502, 0.00029800046), (-0.00045959005, 0.0061328034, 0.000298001), (-0.0022468471, 0.0057248734, 0.00029800093), (-0.0014374999, 0.0024898231, 0.0002980004), (-0.003834462, 0.0048082634, 0.00029800078), (-0.0023259239, 0.0016898825, 0.00029800026), (-0.0050813686, 0.0034644182, 0.00029800055), (-0.006042576, -0.0015968012, 0.0003979997), (-0.0062499996, -6.484243e-11, 0.00039799997), (-0.0062494054, 0.00008616641, 0.00039799997), (-0.005434072, -0.0030876135, 0.00039799948), (-0.0044648782, -0.004373484, 0.00039799928), (-0.0031993254, -0.005369061, 0.0003979991), (-0.0017214151, -0.006008263, 0.00039799899), (-0.0001292446, -0.0062486636, 0.00039799896), (0.0014715043, -0.006074304, 0.00039799899), (0.0029745814, -0.0054967594, 0.00039799907), (0.004295891, -0.0045395833, 0.00039799925), (0.005324443, -0.0032730426, 0.00039799945), (0.0059901425, -0.0017834493, 0.00039799968), (0.006247624, -0.00017231664, 0.00039799995), (0.0060793404, 0.0014505589, 0.0003980002), (0.0054967594, 0.0029745814, 0.00039800047), (0.0045395833, 0.004295891, 0.00039800067), (0.0032730426, 0.005324443, 0.00039806857), (0.0017834492, 0.0059901425, 0.00039800096), (0.00017231658, 0.006247624, 0.000398001), (-0.001450559, 0.0060793404, 0.00039800096), (-0.0029745814, 0.0054967594, 0.00039800088), (-0.004295891, 0.0045395833, 0.0003980007), (-0.005324443, 0.0032730426, 0.0003980005), (-0.0059901425, 0.0017834491, 0.00039800027), (-0.006247624, 0.00017231652, 0.000398), (0.0022749463, 0.0010955563, 0.00064800016), (0.002626443, 0.0011693678, 0.0002980002), (0.002525, -1.055726e-10, 0.000648), (0.0028749998, -4.855036e-11, 0.000298), (0.002626443, -0.0011693678, 0.0002979998), (0.0019237505, 0.0021365413, 0.00029800035), (0.0015743116, 0.0019741245, 0.00064800034), (0.0008884238, 0.0027342874, 0.00029800044), (0.00056186534, 0.002461693, 0.0006480004), (-0.00030051934, 0.0028592502, 0.00029800046), (-0.00056186534, 0.002461693, 0.0006480004), (-0.0014374999, 0.0024898231, 0.0002980004), (-0.0015743116, 0.0019741245, 0.00064800034), (-0.0023259239, 0.0016898825, 0.00029800026), (-0.0022749463, 0.0010955563, 0.00064800016), (-0.0028121741, 0.00059774605, 0.0002980001), (-0.002525, -1.055726e-10, 0.000648), (-0.0028121741, -0.00059774617, 0.0002979999), (-0.0022749463, -0.0010955565, 0.0006479998), (-0.0023259239, -0.0016898825, 0.00029799974), (-0.0015743116, -0.0019741245, 0.00064799964), (-0.0014374999, -0.0024898231, 0.0002979996), (-0.00056186534, -0.002461693, 0.0006479996), (-0.00030051934, -0.0028592502, 0.00029799953), (0.00056186534, -0.002461693, 0.0006479996), (0.0008884238, -0.0027342874, 0.00029799956), (0.0015743116, -0.0019741245, 0.00064799964), (0.0019237505, -0.0021365413, 0.00029799965), (0.0022749463, -0.0010955565, 0.0006479998), (-0.005109109, 0.003627581, 0.0067061507), (-0.0058078133, 0.002309069, 0.0066500003), (-0.0053602546, 0.0031956437, 0.006769469), (-0.0057642395, 0.002291745, 0.0068250005), (-0.005216558, 0.0031134817, 0.00695954), (-0.0056451946, 0.0022444152, 0.006953109), (-0.0051841764, 0.0030949747, 0.0069764843), (-0.004196935, 0.0043540657, 0.0069791107), (-0.0039508715, 0.004572865, 0.0069782124), (-0.0036947408, 0.004774597, 0.006976593), (-0.0039736684, 0.004600926, 0.0069624856), (-0.0037165354, 0.004804789, 0.0069597233), (-0.004077973, 0.0047293156, 0.006784523), (-0.003813302, 0.004939139, 0.0067703864), (-0.004091808, 0.0047463453, 0.006708891), (-0.0038240473, 0.004954195, 0.0066903206), (-0.003308675, 0.005302373, 0.006650001), (-0.0032838513, 0.0052625914, 0.006825001), (-0.003216032, 0.0051539065, 0.0069531095), (-0.0043340963, 0.0045004818, 0.006792444), (-0.0042212284, 0.0043799886, 0.006964018), (0.0047663185, 0.0037666722, 0.006953109), (0.0035218867, 0.0050386414, 0.0068974886), (0.0019224619, 0.005839155, 0.0068974886), (0.00016030492, 0.006145396, 0.0068974886), (-0.0016154216, 0.005931442, 0.0068974886), (-0.0016423597, 0.006030352, 0.006650001), (0.00486683, 0.0038461036, 0.0068250005), (0.003580616, 0.005122663, 0.006650001), (0.00195452, 0.0059365258, 0.006650001), (0.00016297807, 0.0062478734, 0.006650001), (0.00490362, 0.0038751774, 0.0066500003), (0.0056961332, 0.0026108262, 0.0067061507), (0.005447637, 0.0030442933, 0.006769469), (0.0053046336, 0.0029609292, 0.00695954), (0.005272416, 0.0029421395, 0.0069764843), (0.0058692, 0.0014576177, 0.00697911), (0.005935654, 0.001135121, 0.0069782115), (0.0059822933, 0.0008124393, 0.006976592), (0.0059713535, 0.0011408331, 0.0069624847), (0.0060193376, 0.00081621803, 0.0069597224), (0.006134695, 0.0011669687, 0.006784522), (0.006184072, 0.00083284534, 0.0067703854), (0.0061563603, 0.0011704356, 0.00670889), (0.0062024835, 0.00083462306, 0.0066903196), (0.0062463284, 0.00021420865, 0.00665), (0.006199464, 0.00021260149, 0.006825), (0.006071431, 0.00020821072, 0.0069531086), (0.0060645808, 0.0015031947, 0.0067924433), (0.0059037963, 0.0014656953, 0.0069640176), (-0.006124535, 0.00053072104, 0.0068974877), (-0.006018088, -0.0012546781, 0.0068974877), (-0.0054022223, -0.0029338715, 0.006897487), (-0.004329069, -0.004364718, 0.0068974867), (-0.0028553987, -0.00536212, 0.0069531077), (-0.002915613, -0.005475196, 0.006824999), (-0.0044012587, -0.0044375025, 0.006649999), (-0.002937653, -0.0055165845, 0.006649999), (-0.0062266653, 0.00053957116, 0.00665), (-0.006118443, -0.0012756005, 0.00665), (-0.005492307, -0.0029827955, 0.0066499994), (-0.0005870236, -0.0062384107, 0.0067061493), (0.00090419303, -0.0061842497, 0.006649999), (-0.00008738234, -0.00623994, 0.0067694676), (0.0008974093, -0.0061378516, 0.006824999), (-0.000088076216, -0.0060744137, 0.0069595384), (0.00087887567, -0.0060110907, 0.0069531077), (-0.00008823944, -0.0060371174, 0.006976483), (-0.0016722649, -0.0058116866, 0.006979109), (-0.0019847825, -0.0057079894, 0.0069782105), (-0.0022875527, -0.005587039, 0.006976591), (-0.0019976853, -0.005741762, 0.0069624837), (-0.0023028024, -0.0056210095, 0.0069597214), (-0.0020567216, -0.005896287, 0.006784521), (-0.0023707696, -0.005771987, 0.0067703845), (-0.0020645526, -0.005916784, 0.0067088893), (-0.002378436, -0.0057888213, 0.0066903187), (-0.0017304844, -0.0060036797, 0.006792442), (-0.001682568, -0.005845687, 0.0069640162), (-0.03263086, -0.05370818, 0.0023867695), (-0.03262614, -0.053816255, 0.0023987272), (-0.03248366, -0.05388619, 0.0024615806), (-0.03248244, -0.053903554, 0.002462786), (-0.03210005, -0.05390032, 0.0026144937), (-0.031346966, -0.05410305, 0.0028792361), (-0.031224757, -0.053844232, 0.002931866), (-0.031197049, -0.0539599, 0.0029378843), (-0.030366706, -0.053639553, 0.003204892), (-0.030320527, -0.053751986, 0.00321316), (-0.03030472, -0.05361791, 0.003223315), (-0.03025708, -0.053729862, 0.003231791), (-0.030200766, -0.05364414, 0.0032511074), (-0.030162472, -0.053748395, 0.0032550914), (-0.029981352, -0.053706095, 0.0032996845), (-0.029964196, -0.053793047, 0.0032962295), (-0.029198224, -0.05320303, 0.0034691107), (-0.029961657, -0.053805675, 0.003295514), (-0.030182527, -0.05389872, 0.0032355273), (-0.030040333, -0.053381734, 0.0032900556), (-0.030469326, -0.053201918, 0.0031501593), (-0.031463843, -0.05343666, 0.0028166706), (-0.032501023, -0.053494487, 0.002409517), (-0.03263573, -0.053493388, 0.002352016), (-0.03263406, -0.05360051, 0.0023711922), (-0.00678095, -0.0038711845, 0.0014310987), (-0.0065833298, -0.0052866833, 0.0020260771), (-0.0071117026, -0.0044027246, 0.0014194379), (-0.00732582, -0.005233367, 0.0015848544), (-0.00860315, -0.006762533, 0.0013795288), (-0.0063528586, -0.0058779083, 0.002352099), (-0.007504996, -0.0073965536, 0.0022578076), (-0.005970987, -0.0064040716, 0.002726424), (-0.006374374, -0.008049319, 0.003081412), (-0.0054418156, -0.0068275924, 0.0031245067), (-0.0048061837, -0.0071406774, 0.0035155504), (-0.0066454094, -0.0040531904, 0.0015710548), (-0.0065857065, -0.0032789875, 0.0013478887), (-0.0062306724, -0.0014353452, 0.0009933339), (-0.0062697222, -0.0014354005, 0.00096959266), (-0.0062562823, -0.0013239383, 0.0009467092), (-0.0052131186, -0.00871977, 0.0038484193), (-0.003407891, -0.0075484477, 0.0042096456), (-0.0040233964, -0.009406656, 0.0045571765), (-0.0030920398, -0.007677742, 0.004363679), (-0.0019720767, -0.008324353, 0.004927493), (-0.0018998982, -0.0077212346, 0.0047661625), (-0.0003289132, -0.0076636225, 0.0051536597), (-0.0004771146, -0.007965265, 0.005212973), (-0.0016523922, -0.0109494375, 0.005810893), (-0.002807565, -0.010108617, 0.0052066487), (-0.0036633979, -0.01188322, 0.0054473314), (-0.0049626017, -0.011133124, 0.0047235107), (-0.005909655, -0.012857147, 0.004862682), (-0.007248175, -0.012084353, 0.0040075253), (-0.006232713, -0.010399826, 0.003935468), (-0.008552372, -0.011331374, 0.0030853304), (-0.00747115, -0.009684814, 0.003084363), (-0.009819718, -0.01059967, 0.0020980842), (-0.008675546, -0.008989454, 0.0021720312), (-0.0110480795, -0.009890475, 0.0010480925), (-0.012215678, -0.011489252, 0.0009219818), (-0.011168119, -0.009276304, 0.0007188668), (-0.013066661, -0.011848349, 0.00049024296), (-0.014442276, -0.014758157, 0.0007489122), (-0.014869828, -0.014508911, 0.00034754956), (-0.014870862, -0.014510504, 0.00034749156), (-0.016078979, -0.017456504, 0.00071739685), (-0.017272381, -0.018665595, 0.00037760852), (-0.017581118, -0.02024321, 0.0007901472), (-0.019352557, -0.022976574, 0.00065107585), (-0.016237568, -0.02101891, 0.0019524026), (-0.020347444, -0.025967037, 0.0011010556), (-0.019111704, -0.026680492, 0.0020784277), (-0.021966867, -0.032350726, 0.002178979), (-0.01784465, -0.027412025, 0.0030010974), (-0.020832963, -0.03300538, 0.002927911), (-0.016547943, -0.028160682, 0.0038674534), (-0.019677848, -0.03367228, 0.003632334), (-0.015223473, -0.028925363, 0.00467611), (-0.018502831, -0.03435067, 0.0042913924), (-0.017309312, -0.035039745, 0.0049045095), (-0.013873292, -0.02970489, 0.00542616), (-0.016240848, -0.03564719, 0.00540689), (-0.010772817, -0.027855273, 0.0064299824), (-0.01047782, -0.024344305, 0.0059222537), (-0.008161473, -0.023888372, 0.006814773), (-0.008847565, -0.021631565, 0.006045886), (-0.006932306, -0.021849426, 0.0068882206), (-0.007292344, -0.01888899, 0.0060254866), (-0.005776551, -0.019764613, 0.0068471152), (-0.005774248, -0.01976025, 0.0068468936), (-0.0054360977, -0.015403446, 0.005813278), (-0.004303425, -0.016859246, 0.006632539), (-0.0045395754, -0.013648163, 0.005649541), (-0.002928651, -0.013918201, 0.0062856437), (-0.016245505, -0.03565397, 0.005406208), (-0.020540556, -0.04007994, 0.0045038597), (-0.021608897, -0.039463133, 0.003983905), (-0.02473861, -0.04455987, 0.0036537203), (-0.025659323, -0.044028297, 0.003199138), (-0.022663262, -0.038854394, 0.0034270738), (-0.02656948, -0.04350281, 0.0027168815), (-0.023702657, -0.038254302, 0.002833752), (-0.027468447, -0.042983793, 0.0022072743), (-0.030193835, -0.04831193, 0.002187308), (-0.030501833, -0.04797615, 0.0019895365), (-0.0327218, -0.05351316, 0.0021861538), (-0.029433448, -0.048750937, 0.0025772986), (-0.032440312, -0.05391452, 0.0023512186), (-0.028666038, -0.049194, 0.0029485258), (-0.031309422, -0.054106034, 0.002766012), (-0.027891986, -0.0496409, 0.0033008354), (-0.03015, -0.053898886, 0.0031209718), (-0.0299314, -0.053806834, 0.0031803015), (-0.027111663, -0.050091423, 0.003634109), (-0.029167596, -0.05321179, 0.003353693), (-0.022563044, -0.044586986, 0.004444231), (-0.023808002, -0.045097154, 0.004080394), (-0.03258344, -0.053829346, 0.002287519), (-0.03270755, -0.053696826, 0.0022220213), (-0.028141983, -0.04249672, 0.00177907), (-0.024726128, -0.0376634, 0.0022044983), (-0.023078376, -0.031709004, 0.0013865421), (-0.023205094, -0.031635854, 0.0012933166), (-0.023204219, -0.031633984, 0.0012932252), (-0.009843904, -0.008314903, 0.0012006081), (-0.009180901, -0.0067940163, 0.0010298041), (-0.006864557, -0.014578723, 0.0049746893), (-0.008259505, -0.01377335, 0.0040645897), (-0.009618041, -0.012988999, 0.003084315), (-0.01093751, -0.012227203, 0.0020359668), (-0.008799896, -0.018018039, 0.0051173056), (-0.010271566, -0.017167807, 0.004133777), (-0.010370878, -0.020752076, 0.0051267487), (-0.011970602, -0.023482444, 0.005035404), (-0.011704305, -0.01634005, 0.0030763263), (-0.011858525, -0.019893182, 0.0041325865), (-0.013429959, -0.022639884, 0.004077174), (-0.013095325, -0.015536383, 0.0019471787), (-0.013307514, -0.019056609, 0.0030647982), (-0.014853129, -0.021818217, 0.0030488446), (-0.014715103, -0.018243937, 0.0019255615), (-0.032765225, -0.05349301, 0.0022961134), (-0.03275069, -0.053680606, 0.00233273), (-0.030501833, -0.04797615, 0.0019895365), (-0.0327218, -0.05351316, 0.0021861538), (-0.030794179, -0.048471253, 0.0020351254), (-0.032776333, -0.0534927, 0.0021942016), (-0.032797627, -0.053482823, 0.002248115), (-0.03055241, -0.04795107, 0.0020952562), (-0.02913842, -0.044580854, 0.0018862749), (-0.028197838, -0.042468008, 0.001881065), (-0.023277005, -0.031600412, 0.0013072742), (-0.023269096, -0.031601276, 0.0013882638), (-0.023268223, -0.031599402, 0.0013881711), (-0.020542266, -0.02545332, 0.000864577), (-0.019423744, -0.02293742, 0.000738654), (-0.018528622, -0.021011865, 0.0005155698), (-0.017345684, -0.018623883, 0.0004620952), (-0.017018236, -0.018011782, 0.00035811684), (-0.014944237, -0.014465951, 0.000430267), (-0.015337917, -0.015096005, 0.00033263795), (-0.014937456, -0.014466309, 0.00035057185), (-0.014870862, -0.014510504, 0.00034749156), (-0.014869828, -0.014508911, 0.00034754956), (-0.013131654, -0.011802552, 0.0004934541), (-0.013066661, -0.011848349, 0.00049024296), (-0.011168119, -0.009276304, 0.0007188668), (-0.01123084, -0.009228413, 0.0007227978), (-0.009180901, -0.0067940163, 0.0010298041), (-0.009241134, -0.0067445594, 0.0010352688), (-0.007150603, -0.0043664826, 0.0014128089), (-0.007181803, -0.004345376, 0.0014509088), (-0.009251615, -0.0067470144, 0.001112638), (-0.014943204, -0.014464357, 0.00043032476), (-0.01313956, -0.01180259, 0.0005726232), (-0.011240178, -0.009229639, 0.0008012271), (-0.0071117026, -0.0044027246, 0.0014194379), (-0.017272381, -0.018665595, 0.00037760852), (-0.019352557, -0.022976574, 0.00065107585), (-0.023204219, -0.031633984, 0.0012932252), (-0.023205094, -0.031635854, 0.0012933166), (-0.028141983, -0.04249672, 0.00177907), (0.0025009217, -0.005727818, 0.0035993985), (0.0022940086, -0.005823717, 0.003820792), (0.0018056356, -0.0059833387, 0.0036778238), (0.0011329782, -0.0062316274, 0.004167806), (0.0010924645, -0.006153781, 0.0036124769), (0.0003443995, -0.006331885, 0.004017198), (-0.0004192385, -0.006338919, 0.0037712983), (0.0002639086, -0.006618216, 0.00455806), (-0.0005923784, -0.0066432646, 0.0043444796), (0.00024261638, -0.0070608933, 0.004987773), (-0.00070225797, -0.0071262904, 0.004798177), (0.0015058403, -0.0062755723, 0.0044922815), (0.0011407244, -0.006494163, 0.0046836785), (0.0006410445, -0.0068543274, 0.0049249586), (-0.0016193619, -0.0070995004, 0.004537182), (-0.0033773996, -0.006775106, 0.003824528), (-0.004177918, -0.0064875083, 0.0034005588), (-0.0048773307, -0.0061281975, 0.0029671902), (-0.0042168805, -0.005578623, 0.002487551), (-0.004692721, -0.005186421, 0.0021306162), (-0.0040851287, -0.004960673, 0.0014045215), (-0.0045380797, -0.00452678, 0.0011804712), (-0.004219905, -0.004610171, 0.00043745598), (-0.004690156, -0.004131022, 0.0004370773), (-0.0049705207, -0.0040031043, 0.0010802135), (-0.0054849866, -0.0029962368, 0.00074030925), (-0.0053962446, -0.0033311665, 0.0010658697), (-0.005800095, -0.0024482645, 0.0010508754), (-0.005704325, -0.0034200118, 0.001423778), (-0.0059570847, -0.0024721548, 0.0012207865), (-0.006166371, -0.0034727983, 0.0015450963), (-0.0061827265, -0.00248354, 0.001276123), (-0.0054601408, -0.0056332657, 0.0025292432), (-0.0058594295, -0.005017095, 0.0021403593), (-0.006081332, -0.0043052863, 0.0018184931), (-0.0061339512, -0.0014235391, 0.0009921823), (-0.0060828784, -0.001435649, 0.00091019965), (-0.005822144, -0.002272531, 0.00087769947), (-0.0037099966, -0.0050297505, 0.0006027202), (-0.003604169, -0.005325457, 0.0017604624), (-0.003636953, -0.0059109195, 0.0028944483), (-0.0031866792, -0.00537658, 0.0009450761), (-0.0026608356, -0.0056553027, 0.0014130059), (-0.0030832672, -0.005630328, 0.0021903326), (-0.001546962, -0.006055528, 0.0023498163), (-0.0024854522, -0.0058998563, 0.0026408827), (-0.0011431468, -0.006263909, 0.0034510947), (-0.001412348, -0.0065783337, 0.0040599867), (-0.00029537905, -0.0062430175, 0.0031363661), (-0.0029501559, -0.0062029366, 0.0033180197), (-0.0050854716, -0.0047198446, 0.0018429181), (-0.0054139392, -0.0041562775, 0.0016169392), (-0.006260551, -0.00058098737, 0.00067126297), (-0.0061339512, -0.0014235391, 0.0009921823), (-0.006247624, 0.00017231652, 0.000398), (-0.006249995, 0.000007574294, 0.0004322081), (-0.0060828784, -0.001435649, 0.00091019965), (-0.00678095, -0.0038711845, 0.0014310987), (-0.0067069777, -0.0034448125, 0.001386158), (-0.006517375, -0.002617825, 0.0012246165), (-0.006655874, -0.003260079, 0.001353956), (-0.0065857065, -0.0032789875, 0.0013478887), (-0.006336608, -0.0013111406, 0.00096316106), (-0.006300172, -0.001320382, 0.000938948), (-0.0062697222, -0.0014354005, 0.00096959266), (-0.0062562823, -0.0013239383, 0.0009467092), (-0.03270755, -0.053696826, 0.0022220213), (-0.03258344, -0.053829346, 0.002287519), (-0.032621916, -0.05386659, 0.0023103375), (-0.032655697, -0.053854845, 0.0023274475), (-0.03264266, -0.053860232, 0.0023643542), (-0.03248459, -0.053960145, 0.0024032434), (-0.032219253, -0.054059166, 0.0025094394), (-0.032440312, -0.05391452, 0.0023512186), (-0.031309422, -0.054106034, 0.002766012), (-0.031185428, -0.05415159, 0.0028705162), (-0.03015, -0.053898886, 0.0031209718), (-0.030151073, -0.05394897, 0.0031826354), (-0.0299314, -0.053806834, 0.0031803015), (-0.029923297, -0.053853124, 0.0032444978), (-0.029779121, -0.05377174, 0.003281425), (-0.029154407, -0.05323589, 0.0034510382), (-0.029139657, -0.053240106, 0.003395446), (-0.029167596, -0.05321179, 0.003353693), (-0.022589767, -0.04458085, 0.0045600403), (-0.022535738, -0.04461492, 0.0045131617), (-0.016265176, -0.035652082, 0.005521671), (-0.016212698, -0.035673015, 0.005471528), (-0.016260516, -0.035645306, 0.005522352), (-0.022563044, -0.044586986, 0.004444231), (-0.016245505, -0.03565397, 0.005406208), (-0.016240848, -0.03564719, 0.00540689), (-0.010772817, -0.027855273, 0.0064299824), (-0.015156035, -0.03415156, 0.0056413333), (-0.0104554, -0.027455851, 0.006541152), (-0.008161473, -0.023888372, 0.006814773), (-0.008132668, -0.023909783, 0.006871586), (-0.006932306, -0.021849426, 0.0068882206), (-0.0060076336, -0.020273019, 0.006923303), (-0.005776551, -0.019764613, 0.0068471152), (-0.0057425844, -0.019776978, 0.0069015846), (-0.005774248, -0.01976025, 0.0068468936), (-0.004268675, -0.0168711, 0.006685366), (-0.004303425, -0.016859246, 0.006632539), (-0.0028918749, -0.013927628, 0.0063362657), (-0.002928651, -0.013918201, 0.0062856437), (-0.0016134791, -0.010956861, 0.005858461), (-0.0016523922, -0.0109494375, 0.005810893), (-0.0004448054, -0.007972084, 0.0052373875), (-0.0004771146, -0.007965265, 0.005212973), (-0.00043356925, -0.007967688, 0.0052766423), (-0.0016325018, -0.010938902, 0.0059146252), (-0.0029154925, -0.01390929, 0.00639213), (-0.0042957813, -0.016852597, 0.0067407507), (-0.0057715056, -0.019756127, 0.006956376), (-0.005773817, -0.019760497, 0.0069566), (-0.0069343112, -0.021849366, 0.006998612), (-0.008167605, -0.02389125, 0.006925916), (-0.01078558, -0.027860679, 0.0065425844), (-0.0003289132, -0.0076636225, 0.0051536597), (-0.0002997934, -0.0076772408, 0.005179132), (-0.00037370052, -0.00782715, 0.0052262), (-0.0002899889, -0.0076764645, 0.00521895), (0.00018319438, -0.0071938355, 0.005086669), (0.0006410445, -0.0068543274, 0.0049249586), (0.0015058403, -0.0062755723, 0.0044922815), (0.0015185147, -0.0062768157, 0.004508699), (0.00065975037, -0.0068665473, 0.0049590585), (0.002297025, -0.005822753, 0.0038240724), (0.0022940086, -0.005823717, 0.003820792), (0.0024945089, -0.005730624, 0.0036067944), (-0.006307345, -0.0011439011, 0.00090297457), (-0.0062913173, -0.00082839065, 0.00079302536), (-0.006260551, -0.00058098737, 0.00067126297), (-0.0062777083, -0.00055575254, 0.00068457524), (-0.006247878, 0.00016319449, 0.00040131508), (-0.0064831483, 0.004094169, 0.00525451), (-0.006503018, 0.004089369, 0.005218952), (-0.0063138627, 0.0034882387, 0.0051430385), (-0.006498788, 0.0040982477, 0.0051791337), (-0.0063216407, 0.0034382653, 0.005086671), (-0.006472435, 0.004116657, 0.0051536616), (-0.006256543, 0.0028720018, 0.00492496), (-0.006187725, 0.001833689, 0.004492283), (-0.0061951387, 0.0018233344, 0.0045087), (-0.0062764785, 0.002861912, 0.00495906), (-0.0062708543, 0.0028528953, 0.004994811), (-0.0061911643, 0.00092209375, 0.0038240736), (-0.0061904914, 0.00092518795, 0.0038207932), (-0.0062101195, 0.000705003, 0.0036067953), (-0.006210896, 0.0006980463, 0.0035993995), (-0.0061957627, 0.0018135133, 0.004524932), (-0.006191478, 0.000919232, 0.0038270848), (-0.005109109, 0.003627581, 0.0067061507), (-0.005600364, 0.0030172542, 0.0062136697), (-0.0058078133, 0.002309069, 0.0066500003), (-0.0059636114, 0.0022816723, 0.005759545), (-0.006042576, 0.0015968017, 0.0062675388), (-0.0060389065, 0.0021014828, 0.0055621034), (-0.006066384, 0.0020352635, 0.005465427), (-0.0061269104, 0.0018892256, 0.0051554805), (-0.0061825076, 0.0017387001, 0.0045984327), (-0.0061658644, 0.0010220619, 0.0054528187), (-0.006192073, 0.00084895885, 0.004913899), (-0.0062041073, 0.00075600104, 0.00442196), (-0.006208544, 0.00071865186, 0.004083694), (-0.004091808, 0.0047463453, 0.006708891), (-0.004912507, 0.004013871, 0.0064776386), (-0.005302249, 0.0034949952, 0.0063785776), (-0.0054921443, 0.0037940629, 0.005931032), (-0.005795511, 0.0034112264, 0.005709163), (-0.0057935514, 0.004209183, 0.0056829033), (-0.0061180973, 0.003933309, 0.0054451153), (-0.0059267734, 0.004751181, 0.0057566436), (-0.0066641495, 0.004365627, 0.0053123487), (-0.0038240473, 0.004954195, 0.0066903206), (-0.003948577, 0.0049755676, 0.0063637653), (-0.004178726, 0.004780271, 0.0064421), (-0.004312317, 0.0046576285, 0.0064724656), (-0.0044503137, 0.004967573, 0.006033352), (-0.0045638303, 0.004852756, 0.0060658143), (-0.004811191, 0.0052783764, 0.0058138412), (-0.004912807, 0.0051614386, 0.0058449577), (-0.0051494483, 0.00560975, 0.005817409), (-0.005521593, 0.005145377, 0.005858952), (-0.0037441275, 0.0051325406, 0.006280658), (-0.003308675, 0.005302373, 0.006650001), (-0.003337627, 0.0054087546, 0.006103142), (-0.0031538852, 0.0053958776, 0.0065902225), (-0.0029352356, 0.005640649, 0.0059118974), (-0.001680411, 0.006019664, 0.0059488863), (-0.0022025667, 0.0059717656, 0.0055272067), (-0.00090201385, 0.0063147335, 0.004720357), (-0.0013193514, 0.0066576023, 0.0041499548), (-0.0007679485, 0.006766366, 0.0036832544), (-0.0012042864, 0.007370151, 0.003282727), (-0.000471255, 0.007508785, 0.0025140895), (-0.0010501406, 0.0082327295, 0.0025821694), (-0.00018239576, 0.008396547, 0.0015033593), (0.00017488303, 0.007553471, 0.001723662), (0.00010944578, 0.007853173, 0.0015124021), (0.0005225258, 0.007394978, 0.0014246458), (0.0006241303, 0.0068187807, 0.0021979185), (0.0008952438, 0.006793645, 0.001828401), (0.0011389856, 0.0062930826, 0.002852247), (0.0014241015, 0.00623666, 0.0024789274), (0.0019697705, 0.0059314836, 0.0032207537), (0.0017594846, 0.0061533665, 0.0019655877), (0.0026590826, 0.005656129, 0.0021236707), (0.002058151, 0.006062527, 0.001400509), (0.0029560404, 0.005506733, 0.0014348145), (0.0020456784, 0.0061459113, 0.0010059034), (0.0026590049, 0.005721072, 0.0007199727), (0.003221477, 0.005355799, 0.0005979083), (0.0032730426, 0.005324443, 0.00039806857), (-0.00027662268, 0.006243888, 0.0051944233), (-0.000322055, 0.0063766493, 0.004289049), (-0.00002734953, 0.0068334527, 0.0029606677), (0.00095110305, 0.0061772075, 0.004295156), (0.00045627594, 0.0063748867, 0.0036018374), (0.0012120939, 0.006750306, 0.0013356986), (-0.0020534806, 0.007861051, 0.0036319334), (-0.00174572, 0.0072062938, 0.0037862835), (-0.0025610374, 0.0062261596, 0.0050403127), (-0.0031687429, 0.007240254, 0.0046022935), (-0.0029565895, 0.006660472, 0.0047507677), (-0.003265969, 0.0058573177, 0.0054634972), (-0.0036547505, 0.0056089526, 0.005671419), (-0.0040507335, 0.005317709, 0.0058638654), (-0.0043627173, 0.0063644494, 0.005416587), (-0.003647074, 0.0062384177, 0.0052070655), (-0.004030935, 0.005964423, 0.0054303897), (-0.0049640015, 0.005823166, 0.005740145), (-0.0044262595, 0.005647793, 0.005637947), (-0.004626822, 0.0054715993, 0.0057348832), (-0.004250836, 0.0051537803, 0.0059537543), (-0.0054130983, 0.0045880023, 0.005839284), (-0.006179374, 0.002914604, 0.005186277), (-0.0062580695, 0.002822703, 0.005010557), (-0.006132477, 0.0012063254, 0.005815728), (-0.005110123, 0.0042494307, 0.006070108), (-0.029943697, 0.055122025, 0.002296131), (-0.029918667, 0.055144984, 0.0022481326), (-0.030113421, 0.055203233, 0.002332748), (-0.029937869, 0.055131488, 0.0021942193), (-0.030149043, 0.055173982, 0.0022220393), (-0.029982857, 0.055094488, 0.0021861715), (-0.030325858, 0.05513276, 0.0022875369), (-0.030338878, 0.055184707, 0.0023103554), (-0.030311815, 0.05520809, 0.0023274655), (-0.030293172, 0.055163197, 0.0023987452), (-0.030323002, 0.05519949, 0.0023643721), (-0.030440629, 0.0550824, 0.0024628039), (-0.030488562, 0.055112552, 0.0024032614), (-0.030706985, 0.054932278, 0.002509457), (-0.030471189, 0.055051398, 0.0023512365), (-0.03120249, 0.054167774, 0.0027660297), (-0.03130394, 0.05408317, 0.0028705338), (-0.031602804, 0.053060107, 0.0031209893), (-0.03164564, 0.05308608, 0.0031826529), (-0.031632386, 0.05282477, 0.003180319), (-0.031676523, 0.0528409, 0.0032445153), (-0.031678136, 0.052675348, 0.0032814424), (-0.031616252, 0.05285039, 0.0032955315), (-0.031476066, 0.051887922, 0.0034691277), (-0.031526428, 0.0518664, 0.0034510551), (-0.031537455, 0.051855735, 0.003395463), (-0.03149896, 0.05186577, 0.00335371), (-0.031586397, 0.053088196, 0.0032355448), (-0.03118113, 0.054198794, 0.0028792538), (0.00003793088, 0.0078080664, 0.0014311005), (-0.0012867365, 0.008344673, 0.0020260795), (-0.00025702, 0.008360277, 0.00141944), (-0.0008693182, 0.008961029, 0.0015848568), (-0.0015549505, 0.010831813, 0.0013795316), (-0.0019139879, 0.008440691, 0.0023521013), (-0.002653105, 0.010197793, 0.0022578104), (-0.0025605948, 0.008373062, 0.0027264263), (-0.0037837268, 0.009545027, 0.003081415), (-0.0031919607, 0.008126546, 0.0031245092), (-0.0037809154, 0.0077326153, 0.0035155527), (-0.00018746055, 0.007781688, 0.0015710568), (0.00045316672, 0.0073428825, 0.0013478905), (0.0018720917, 0.0061129117, 0.0009937033), (0.0018917678, 0.0061474387, 0.0009695939), (0.001981577, 0.006080068, 0.0009467104), (-0.004944982, 0.008874577, 0.003848422), (-0.0048332014, 0.006725543, 0.004209648), (-0.006134704, 0.008187691, 0.0045571793), (-0.0051030987, 0.006516654, 0.004363681), (-0.0062230616, 0.0058700433, 0.0049274955), (-0.0057368353, 0.0055059763, 0.004766165), (-0.006472435, 0.004116657, 0.0051536616), (-0.0066595636, 0.0043958244, 0.005212975), (-0.008656293, 0.0069057303, 0.005810896), (-0.0073505356, 0.0074857296, 0.005206652), (-0.00845947, 0.009114205, 0.0054473346), (-0.007160267, 0.0098643, 0.004723514), (-0.008179788, 0.011546484, 0.0048626857), (-0.0068412684, 0.012319279, 0.004007529), (-0.0058901566, 0.010597599, 0.0039354716), (-0.0055370703, 0.013072257, 0.0030853343), (-0.004651719, 0.011312611, 0.0030843664), (-0.0042697247, 0.013803961, 0.0020980882), (-0.0034473222, 0.01200797, 0.0021720345), (-0.0030413636, 0.0145131545, 0.0010480965), (-0.0038421447, 0.016323714, 0.00092198636), (-0.002449456, 0.0143100275, 0.00071887067), (-0.003727641, 0.017240236, 0.0004902477), (-0.0055598, 0.019886456, 0.00074891787), (-0.005130171, 0.020132106, 0.0003475552), (-0.0051310346, 0.020133795, 0.0003474972), (-0.0070782863, 0.022653054, 0.00071740337), (-0.00752869, 0.024291119, 0.0003776155), (-0.008740576, 0.025347302, 0.0007901547), (-0.010222019, 0.028248092, 0.0006510842), (-0.010084127, 0.024571601, 0.00195241), (-0.012314391, 0.030604921, 0.0011010648), (-0.0135501325, 0.029891467, 0.002078437), (-0.017033117, 0.03519923, 0.0021789903), (-0.014817184, 0.029159933, 0.0030011064), (-0.018167017, 0.034544565, 0.002927922), (-0.016113894, 0.028411279, 0.0038674627), (-0.019322127, 0.033877656, 0.0036323452), (-0.017438363, 0.027646596, 0.0046761194), (-0.020497138, 0.03319926, 0.0042914036), (-0.021690652, 0.032510176, 0.00490452), (-0.018788543, 0.026867067, 0.005426169), (-0.02275095, 0.031888586, 0.005406901), (-0.018736966, 0.023257168, 0.0064299908), (-0.015843874, 0.021246206, 0.005922261), (-0.0166072, 0.019012228, 0.00681478), (-0.0143097, 0.018477995, 0.0060458924), (-0.015456002, 0.016928263, 0.006888227), (-0.01271217, 0.015759848, 0.0060254927), (-0.01422838, 0.014884945, 0.006847121), (-0.014225752, 0.014880768, 0.006846899), (-0.010621725, 0.01240952, 0.005813282), (-0.012448821, 0.012156496, 0.0066325436), (-0.009549867, 0.010755467, 0.005649545), (-0.010589191, 0.009495385, 0.0062856474), (-0.022754494, 0.031896006, 0.0054062186), (-0.024439966, 0.037828613, 0.0045038722), (-0.023371628, 0.03844542, 0.0039839176), (-0.026220672, 0.0437042, 0.0036537347), (-0.025299959, 0.044235773, 0.0031991524), (-0.02231726, 0.039054155, 0.0034270864), (-0.0243898, 0.04476125, 0.0027168957), (-0.02127787, 0.03965425, 0.0028337648), (-0.023490833, 0.04528027, 0.0022072888), (-0.026742438, 0.05030459, 0.002187324), (-0.02629765, 0.050403435, 0.0019895525), (-0.029982857, 0.055094488, 0.0021861715), (-0.027502827, 0.049865585, 0.0025773146), (-0.030471189, 0.055051398, 0.0023512365), (-0.028270237, 0.04942252, 0.002948542), (-0.03120249, 0.054167774, 0.0027660297), (-0.02904429, 0.04897562, 0.0033008514), (-0.031602804, 0.053060107, 0.0031209893), (-0.031632386, 0.05282477, 0.003180319), (-0.02982461, 0.0485251, 0.003634125), (-0.03149896, 0.05186577, 0.00335371), (-0.02733194, 0.04183366, 0.0044442452), (-0.027151281, 0.043166913, 0.0040804083), (-0.030325858, 0.05513276, 0.0022875369), (-0.030149043, 0.055173982, 0.0022220393), (-0.022732245, 0.04562003, 0.0017790843), (-0.020254398, 0.040245157, 0.0022045108), (-0.015921615, 0.035840962, 0.001386553), (-0.015794907, 0.035914127, 0.0012933275), (-0.015793724, 0.035912436, 0.0012932362), (-0.0022789654, 0.012682523, 0.0012006116), (-0.0012933407, 0.0113479, 0.0010298071), (-0.009193266, 0.013234241, 0.004974694), (-0.0077983183, 0.014039614, 0.0040645944), (-0.0064397817, 0.014823966, 0.0030843194), (-0.0051203123, 0.015585763, 0.0020359715), (-0.011204132, 0.016629953, 0.005117311), (-0.009731974, 0.01747934, 0.004133783), (-0.012786387, 0.019357482, 0.005126755), (-0.014351092, 0.022108069, 0.0050354116), (-0.008298747, 0.018306252, 0.003076332), (-0.011298739, 0.020216376, 0.004132593), (-0.012891733, 0.022950627, 0.004077181), (-0.00690724, 0.019109074, 0.0019471844), (-0.00984975, 0.02105295, 0.0030648047), (-0.011468565, 0.023772294, 0.003048852), (-0.008442162, 0.021865623, 0.0019255681), (-0.00025702, 0.008360277, 0.00141944), (-0.00020618379, 0.008375845, 0.001412811), (0.00003793088, 0.0078080664, 0.0014311005), (-0.00017230381, 0.008392312, 0.0014509109), (0.00037019412, 0.0075308196, 0.0013861599), (0.0009915845, 0.006953125, 0.0012246182), (0.0005046256, 0.0073941955, 0.0013539577), (0.00045316672, 0.0073428825, 0.0013478905), (0.002032823, 0.0061432337, 0.0009631623), (0.0020066018, 0.0061163, 0.00093894923), (0.0018917678, 0.0061474387, 0.0009695939), (0.001981577, 0.006080068, 0.0009467104), (-0.03000877, 0.055010065, 0.0023520335), (-0.030102374, 0.055062182, 0.0023712101), (-0.030197216, 0.05511325, 0.0023867874), (-0.02629765, 0.050403435, 0.0019895525), (-0.026580248, 0.05090417, 0.0020351417), (-0.026250636, 0.050434697, 0.0020952723), (-0.024038944, 0.047525037, 0.0018862899), (-0.022679456, 0.045654047, 0.0018810793), (-0.015728256, 0.035958685, 0.0013072852), (-0.015732959, 0.035952266, 0.0013882747), (-0.015731776, 0.035950575, 0.001388182), (-0.011772088, 0.030516783, 0.0008645861), (-0.010152517, 0.028290166, 0.0007386623), (-0.008932497, 0.026552191, 0.00051557756), (-0.0074559143, 0.024333743, 0.00046210218), (-0.0070895418, 0.023744116, 0.00035812365), (-0.005055763, 0.020175064, 0.00043027266), (-0.0054045646, 0.02083103, 0.00033264383), (-0.0050594634, 0.02016937, 0.0003505775), (-0.0051310346, 0.020133795, 0.0003474972), (-0.005130171, 0.020132106, 0.0003475552), (-0.0036554837, 0.017273622, 0.0004934588), (-0.003727641, 0.017240236, 0.0004902477), (-0.002449456, 0.0143100275, 0.00071887067), (-0.0023766202, 0.014340399, 0.00072280166), (-0.0012933407, 0.0113479, 0.0010298071), (-0.0012203923, 0.011375336, 0.0010352717), (-0.0012172785, 0.011385641, 0.001112641), (-0.0050548986, 0.020173373, 0.0004303304), (-0.003651564, 0.017280487, 0.00057262793), (-0.0023730125, 0.014349099, 0.00080123096), (-0.00752869, 0.024291119, 0.0003776155), (-0.010222019, 0.028248092, 0.0006510842), (-0.015793724, 0.035912436, 0.0012932362), (-0.015794907, 0.035914127, 0.0012933275), (-0.022732245, 0.04562003, 0.0017790843), (-0.027313266, 0.041853737, 0.0045600547), (-0.027369788, 0.041823983, 0.004513176), (-0.02274302, 0.031912096, 0.0055216816), (-0.022787387, 0.031877115, 0.0054715388), (-0.022739483, 0.03190467, 0.005522363), (-0.02733194, 0.04183366, 0.0044442452), (-0.022754494, 0.031896006, 0.0054062186), (-0.02275095, 0.031888586, 0.005406901), (-0.018736966, 0.023257168, 0.0064299908), (-0.021998104, 0.030201294, 0.005641344), (-0.018549763, 0.022782564, 0.0065411604), (-0.0166072, 0.019012228, 0.00681478), (-0.016640143, 0.018997986, 0.006871593), (-0.015456002, 0.016928263, 0.006888227), (-0.014553132, 0.015339272, 0.0069233086), (-0.01422838, 0.014884945, 0.006847121), (-0.01425607, 0.014861711, 0.00690159), (-0.014225752, 0.014880768, 0.006846899), (-0.012476463, 0.01213233, 0.0066853706), (-0.012448821, 0.012156496, 0.0066325436), (-0.010615742, 0.00946825, 0.0063362694), (-0.010589191, 0.009495385, 0.0062856474), (-0.00868218, 0.006875743, 0.0058584637), (-0.008656293, 0.0069057303, 0.005810896), (-0.006681624, 0.0043712533, 0.00523739), (-0.0066595636, 0.0043958244, 0.005212975), (-0.0066834353, 0.004359325, 0.0052766446), (-0.008657116, 0.006883238, 0.005914628), (-0.010588051, 0.009479534, 0.006392134), (-0.012446886, 0.012146553, 0.0067407554), (-0.014223552, 0.014876332, 0.0069563817), (-0.014226182, 0.014880518, 0.0069566057), (-0.015454949, 0.01692997, 0.0069986186), (-0.016606627, 0.019018976, 0.006925923), (-0.018735263, 0.023270922, 0.006542593), (0.06270892, -0.0016290109, 0.0022961218), (0.06271629, -0.0016621675, 0.0022481233), (0.06286411, -0.0015226271, 0.0023327386), (0.062714204, -0.0016387888, 0.00219421), (0.06285659, -0.001477156, 0.00222203), (0.06270466, -0.0015813288, 0.0021861622), (0.0629093, -0.0013034168, 0.0022875275), (0.062960796, -0.0013181135, 0.002310346), (0.06296752, -0.001353243, 0.0023274561), (0.06291931, -0.0013469413, 0.0023987358), (0.06296566, -0.0013392544, 0.0023643628), (0.0036334253, -0.005131303, 0.00067126227), (0.0042997967, -0.0046003885, 0.0009921818), (0.0042747054, -0.0047561303, 0.00094670866), (0.0043583815, -0.004678248, 0.0009933333), (0.004284748, -0.0045501026, 0.00091019913), (0.0029745814, -0.0054967594, 0.00039799907), (0.062923074, -0.0011788429, 0.0024627945), (0.06297315, -0.001152408, 0.002403252), (0.06292624, -0.00087310997, 0.002509448), (0.0629115, -0.0011368762, 0.0023512272), (0.06251191, -0.00006173904, 0.0027660208), (0.062489364, 0.00006842202, 0.002870525), (0.061752804, 0.00083877577, 0.003120981), (0.061796717, 0.000862889, 0.0031826445), (0.061563786, 0.0009820642, 0.0031803106), (0.06159982, 0.0010122244, 0.003244507), (0.061457258, 0.0010963951, 0.003281434), (0.06157791, 0.0009552806, 0.003295523), (0.06067429, 0.0013151126, 0.0034691195), (0.060680836, 0.0013694854, 0.003451047), (0.06067711, 0.0013843689, 0.003395455), (0.06066656, 0.0013460127, 0.003353702), (0.061768927, 0.00081052317, 0.0032355364), (0.062528096, -0.00009574459, 0.002879245), (0.0042935703, -0.0047959182, 0.0009389475), (0.00414432, -0.0048903706, 0.00090297393), (0.0038630657, -0.005034245, 0.00079302466), (0.0036334253, -0.005131303, 0.00067126227), (0.0038630657, -0.005034245, 0.00079302466), (0.0036201498, -0.0051587783, 0.00068457454), (0.0029826083, -0.005492418, 0.00040131414), (0.004303785, -0.004832093, 0.0009631605), (0.00414432, -0.0048903706, 0.00090297393), (0.004303785, -0.004832093, 0.0009631605), (0.0626445, -0.0015166746, 0.0023520244), (0.06273644, -0.0014616696, 0.0023712008), (0.06282808, -0.001405067, 0.0023867781), (0.010468894, -0.0046386262, 0.0011126384), (0.010300373, -0.0036264858, 0.0023612233), (0.010298509, -0.002516665, 0.0034891053), (0.013522226, -0.002818247, 0.0034004182), (0.013519095, -0.001764919, 0.0043222406), (0.016777119, -0.003041845, 0.00331842), (0.01677141, -0.0019264976, 0.0043146843), (0.020000001, -0.003183511, 0.0032446648), (0.020000001, -0.0020290602, 0.004283268), (0.023157265, -0.003214945, 0.0031841008), (0.023157265, -0.0020504368, 0.0042215195), (0.026321694, -0.0031340488, 0.0031358916), (0.026321694, -0.0019891008, 0.004127334), (0.029499166, -0.0029772285, 0.0030945274), (0.029502766, -0.001872657, 0.004009992), (0.032661837, -0.0027828258, 0.003054919), (0.032661837, -0.0017307415, 0.0038806724), (0.039003693, -0.002424813, 0.0029584393), (0.039004456, -0.0014787604, 0.0036211591), (0.044929832, -0.0021758422, 0.002840676), (0.044929832, -0.0013190561, 0.0033912219), (0.050870065, -0.0011646254, 0.0031494782), (0.05087271, -0.0019202494, 0.0027089491), (0.0625781, -0.0013994675, 0.0024095254), (0.056803048, -0.0024836306, 0.0020952637), (0.013526117, -0.004030801, 0.0021470166), (0.0136131905, -0.0051194606, 0.0008012278), (0.016791124, -0.005477897, 0.00057262427), (0.016784213, -0.004332104, 0.0019779475), (0.019998102, -0.0057090158, 0.00043032618), (0.020000001, -0.004524457, 0.0018574637), (0.02, -0.0057091126, 0.00043026844), (0.023157265, -0.004573304, 0.0018041978), (0.024801597, -0.005709861, 0.0004620973), (0.026321694, -0.0044758036, 0.0018193178), (0.02957626, -0.005352745, 0.00073865685), (0.029494695, -0.00427836, 0.0018784897), (0.032661837, -0.004028535, 0.0019570154), (0.039, -0.00435117, 0.0013881755), (0.03900275, -0.003556053, 0.0020751746), (0.039002057, -0.004350991, 0.0013882682), (0.044929832, -0.0032076275, 0.002107072), (0.05087729, -0.003186041, 0.0018810714), (0.050876003, -0.0028358886, 0.0021218406), (0.062009428, -0.0005301569, 0.0028166792), (0.05086742, -0.0003934175, 0.003560981), (0.044929832, -0.00044032442, 0.0039052905), (0.039005216, -0.0005031374, 0.004239462), (0.032661837, -0.00063712144, 0.004652565), (0.029506363, -0.00071975123, 0.0048663765), (0.026321694, -0.00078930694, 0.005054793), (0.023157265, -0.00082619686, 0.0051900023), (0.020000005, -0.00081239047, 0.005248244), (0.016765699, -0.0007488822, 0.0052325455), (0.013515963, -0.00065063674, 0.0051612197), (0.01029701, -0.0015469181, 0.0043057757), (0.010295508, -0.0005190713, 0.0050353524), (0.010294009, 0.0005570861, 0.00567327), (0.010292829, 0.0014286422, 0.0061149565), (0.010292698, 0.0015269704, 0.006159614), (0.010292436, 0.0017286518, 0.0062383898), (0.013509548, 0.001793222, 0.006598787), (0.013508459, 0.002251345, 0.0067381677), (0.016754001, 0.0018384225, 0.006841352), (0.016752016, 0.0023271209, 0.0070057777), (0.020000005, 0.0018637177, 0.0069630872), (0.020000007, 0.0023714162, 0.0071439687), (0.023157265, 0.0018660021, 0.0069184825), (0.023157265, 0.0023768586, 0.0071031973), (0.026321694, 0.0018456468, 0.0067033423), (0.026321694, 0.0023437457, 0.0068792566), (0.029513737, 0.0018062523, 0.006372015), (0.029514987, 0.0022804555, 0.006530643), (0.032661837, 0.0017527875, 0.0059894905), (0.032661837, 0.002197651, 0.006127673), (0.039006777, 0.0016165237, 0.005277009), (0.03900704, 0.0020045156, 0.0053801904), (0.044929832, 0.0014597808, 0.0047548823), (0.044929832, 0.0018038622, 0.004838984), (0.05086107, 0.001561755, 0.0043010144), (0.050861992, 0.0012647758, 0.0042335275), (0.050862454, 0.0011159352, 0.004196445), (0.0612501, 0.00067517493, 0.0032900642), (0.050862685, 0.0010415278, 0.0041770334), (0.050864767, 0.0003923478, 0.0039429856), (0.044929832, 0.00045884989, 0.0043820534), (0.039005976, 0.00049997045, 0.004812031), (0.032661837, 0.0004955233, 0.005368531), (0.029509962, 0.00047875254, 0.0056611947), (0.026321694, 0.00046226638, 0.0059153163), (0.023157265, 0.00045408795, 0.0060861805), (0.020000005, 0.0004618056, 0.006135869), (0.01675999, 0.00048489126, 0.006067947), (0.013512833, 0.000516783, 0.0059130304), (0.061308872, 0.00021374781, 0.0031501679), (0.049903028, 0.002727113, 0.004560048), (0.05085842, 0.002425733, 0.004447546), (0.05086015, 0.0018599295, 0.004360093), (0.044929832, 0.0028110216, 0.0049909707), (0.039008196, 0.0037399845, 0.005521677), (0.0390078, 0.003148327, 0.005530178), (0.039, 0.0037406322, 0.005522358), (0.032661837, 0.0035286762, 0.0062785526), (0.029520843, 0.004589752, 0.00654259), (0.029518588, 0.0037103454, 0.006680389), (0.026321694, 0.003854453, 0.007022272), (0.029516239, 0.002770763, 0.006634502), (0.026321694, 0.002861318, 0.0069902805), (0.02477423, 0.0048722704, 0.0069259205), (0.023157265, 0.0039296183, 0.0072284117), (0.023157265, 0.0029091088, 0.007215186), (0.020000007, 0.0029002067, 0.007247988), (0.022389261, 0.0049193916, 0.0069986167), (0.020000007, 0.0039103474, 0.007236476), (0.016750032, 0.002834398, 0.0070926487), (0.02, 0.0048799743, 0.0069566043), (0.019995058, 0.004879791, 0.0069563803), (0.016746305, 0.0037964135, 0.0070493068), (0.016742667, 0.0047060414, 0.0067407545), (0.0135053275, 0.0036110468, 0.006721898), (0.013503543, 0.0044297525, 0.0063921334), (0.010290414, 0.0033559757, 0.00625749), (0.010289618, 0.004055662, 0.0059146276), (0.010291393, 0.0025704273, 0.0063783624), (0.010291914, 0.0021449318, 0.0063443007), (0.013510368, 0.0014652554, 0.0064467266), (0.016755495, 0.0014898558, 0.0066686333), (0.020000005, 0.001502131, 0.006777852), (0.023157265, 0.0015015956, 0.0067326454), (0.026321694, 0.0014886358, 0.006528984), (0.029512797, 0.0014638952, 0.0062171174), (0.032661837, 0.0014288547, 0.0058568995), (0.039006576, 0.0013294898, 0.0051822565), (0.044929832, 0.0012029595, 0.0046810047), (0.013510095, 0.0015725843, 0.0065014004), (0.016754998, 0.0016038455, 0.006730492), (0.020000005, 0.0016203681, 0.006844004), (0.023157265, 0.0016208525, 0.006798862), (0.026321694, 0.0016056858, 0.006590968), (0.029513108, 0.0015764311, 0.006272039), (0.032661837, 0.0015356505, 0.005903752), (0.039006643, 0.0014246333, 0.005215445), (0.044929832, 0.00128835, 0.0047066533), (0.013507371, 0.002724085, 0.006801686), (0.032661837, 0.002654778, 0.006221798), (0.039007306, 0.0023985454, 0.0054571405), (0.044929832, 0.0021511212, 0.004907082), (0.062908635, -0.0011885806, 0.0024615892), (0.06272907, -0.00084930076, 0.0026145023), (0.06224285, -0.000119318574, 0.002931875), (0.062329166, -0.000037489663, 0.0029378932), (0.06163657, 0.00052143674, 0.0032049008), (0.061710853, 0.0006176475, 0.0032131688), (0.06158683, 0.0005642984, 0.003223324), (0.061659966, 0.0006615297, 0.0032318), (0.06155757, 0.0006674383, 0.0032511163), (0.06162871, 0.0007527298, 0.0032551005), (0.06150152, 0.0008884344, 0.0032996936), (0.061568245, 0.00094676885, 0.0032962386), (0.0026026487, -0.0055693653, 0.0068974867), (0.004095626, -0.0045844796, 0.0068974867), (0.0052419174, -0.0032115276, 0.006897487), (0.005944491, -0.0015667264, 0.006897487), (0.006043618, -0.0015928522, 0.0066499994), (0.0026460493, -0.0056622378, 0.006649999), (0.0041639227, -0.004660928, 0.006649999), (0.005329329, -0.0032650814, 0.0066499994), (0.0073687225, -0.003957553, 0.0014194379), (0.0073567866, -0.004009362, 0.0014128089), (0.006743019, -0.003936883, 0.0014310986), (0.007354107, -0.0040469365, 0.0014509088), (0.0063367835, -0.0040860074, 0.0013861579), (0.00552579, -0.0043352996, 0.0012246163), (0.0061512482, -0.004134116, 0.0013539558), (0.0061325394, -0.0040638954, 0.0013478886), (0.00552579, -0.0043352996, 0.0012246163), (0.004377954, -0.0047120387, 0.00096959213), (0.0061325394, -0.0040638954, 0.0013478886), (-0.0065916595, 0.0042372076, 0.005226202), (0.0067930073, 0.003587093, 0.005218952), (0.006798581, 0.0035789902, 0.0051791337), (0.0061384463, 0.0037555674, 0.005086671), (0.0068013477, 0.003546963, 0.0051536616), (0.005615499, 0.003982323, 0.00492496), (0.0046818843, 0.004441881, 0.0044922833), (0.0046766237, 0.004453479, 0.0045087007), (0.0056167287, 0.004004633, 0.00495906), (0.003894139, 0.004900658, 0.003824074), (0.0038964823, 0.0048985276, 0.0038207937), (0.0037156108, 0.005025619, 0.0036067963), (-0.0020095578, 0.010733627, 0.002361226), (-0.0029697593, 0.010177102, 0.0034891074), (-0.0043204403, 0.013119714, 0.0034004208), (-0.0052310834, 0.012590338, 0.004322243), (-0.005754245, 0.016050333, 0.003318423), (-0.0067173094, 0.015487714, 0.004314687), (-0.007243, 0.018912265, 0.0032446682), (-0.008242785, 0.01833504, 0.0042832713), (-0.008794409, 0.021662252, 0.0031841048), (-0.009802903, 0.021079998, 0.004221523), (-0.010446682, 0.02436228, 0.003135896), (-0.011438236, 0.023789806, 0.004127338), (-0.0121712275, 0.02703564, 0.0030945323), (-0.013129614, 0.026486473, 0.0040099965), (-0.01392092, 0.029677393, 0.0030549243), (-0.0148320515, 0.02915135, 0.0038806773), (-0.017401898, 0.034990598, 0.0029584453), (-0.018221585, 0.03451823, 0.003621165), (-0.020580582, 0.0399983, 0.002840683), (-0.021322582, 0.039569903, 0.0033912286), (-0.024426438, 0.044637077, 0.0031494857), (-0.023773372, 0.045017183, 0.0027089568), (-0.030077074, 0.054893956, 0.0024095345), (-0.003272283, 0.013729361, 0.0021470196), (-0.004640395, 0.016701607, 0.001977951), (-0.0060817064, 0.019582737, 0.0018574676), (-0.0076180347, 0.022341432, 0.0018042021), (-0.009284688, 0.025033155, 0.0018193226), (-0.01104218, 0.027682334, 0.001878495), (-0.012842104, 0.030300247, 0.001957021), (-0.016421743, 0.035555396, 0.0020751809), (-0.01968703, 0.040514193, 0.002107079), (-0.022982052, 0.045477856, 0.0021218485), (-0.030545585, 0.053966817, 0.002816688), (-0.025092999, 0.044249184, 0.0035609882), (-0.022083584, 0.03913054, 0.0039052968), (-0.01906688, 0.034031074, 0.0042394674), (-0.015779154, 0.028604541, 0.0046525695), (-0.01412986, 0.025913136, 0.0048663807), (-0.012477288, 0.02318991, 0.0050547966), (-0.010863125, 0.020467877, 0.0051900055), (-0.009296452, 0.017726706, 0.0052482467), (-0.0077342996, 0.014893961, 0.005232548), (-0.0061945147, 0.012030485, 0.0051612216), (-0.0038088348, 0.009690929, 0.0043057776), (-0.004698226, 0.009175708, 0.005035354), (-0.005629456, 0.008636329, 0.0056732716), (-0.0063836556, 0.008199529, 0.006114958), (-0.006468745, 0.008150251, 0.006159615), (-0.0066432753, 0.0080491835, 0.0062383907), (-0.00830775, 0.010803, 0.0065987883), (-0.008703953, 0.010572995, 0.006738169), (-0.009969122, 0.0135901775, 0.006841354), (-0.010391355, 0.013344109, 0.0070057795), (-0.01161403, 0.016388651, 0.0069630896), (-0.01205371, 0.016134802, 0.007143971), (-0.013194638, 0.019121775, 0.0069184853), (-0.013637054, 0.018866347, 0.0071032), (-0.014759226, 0.02187243, 0.0067033456), (-0.015190591, 0.02162338, 0.00687926), (-0.01632113, 0.024656517, 0.0063720187), (-0.016732428, 0.0244205, 0.0065306467), (-0.017848877, 0.027409585, 0.0059894947), (-0.018234141, 0.027187152, 0.0061276774), (-0.02090334, 0.032972597, 0.0052770143), (-0.021239484, 0.03277883, 0.005380195), (-0.023729125, 0.038180485, 0.004754888), (-0.02402711, 0.038008444, 0.0048389896), (-0.026783057, 0.0432661, 0.004301021), (-0.026526324, 0.043415386, 0.0042335344), (-0.026397655, 0.04349021, 0.004196452), (-0.03120977, 0.05270656, 0.0032900728), (-0.026333332, 0.04352761, 0.0041770404), (-0.025772167, 0.043854006, 0.0039429925), (-0.022862293, 0.038680952, 0.00438206), (-0.019935977, 0.033530183, 0.0048120366), (-0.016760055, 0.028038217, 0.005368536), (-0.0151695935, 0.025317, 0.005661199), (-0.013561183, 0.02256412, 0.00591532), (-0.011971884, 0.019827733, 0.0060861837), (-0.010399939, 0.017089607, 0.0061358716), (-0.0087999245, 0.014272129, 0.0060679493), (-0.0072039645, 0.011444063, 0.005913032), (-0.030839548, 0.052988164, 0.0031501765), (-0.027529959, 0.04283182, 0.0044475524), (-0.027040822, 0.043116216, 0.0043600993), (-0.024899334, 0.037504867, 0.0049909763), (-0.022230431, 0.032207582, 0.0055301827), (-0.019386841, 0.02652164, 0.0062785563), (-0.017972548, 0.023708673, 0.006680392), (-0.016498903, 0.020868028, 0.0070222747), (-0.017157672, 0.024176428, 0.0066345055), (-0.015638823, 0.021364594, 0.0069902833), (-0.014981783, 0.018089969, 0.007228414), (-0.014097995, 0.018600224, 0.007215189), (-0.012511656, 0.015870407, 0.0072479905), (-0.013386465, 0.015365338, 0.007236478), (-0.010829678, 0.013088752, 0.0070926505), (-0.011660944, 0.012604517, 0.007049308), (-0.009879923, 0.009890432, 0.006721899), (-0.008051568, 0.0072337706, 0.0062574907), (-0.0073717525, 0.0076273927, 0.0063783634), (-0.0070035234, 0.007840592, 0.0063443016), (-0.008024133, 0.010967692, 0.006446728), (-0.009668001, 0.013765756, 0.006668635), (-0.011300887, 0.016569445, 0.006777854), (-0.012879053, 0.01930398, 0.0067326482), (-0.014450044, 0.022050936, 0.006528987), (-0.016024169, 0.024826879, 0.006217121), (-0.017568344, 0.02757155, 0.005856904), (-0.020654662, 0.03311594, 0.005182262), (-0.02350671, 0.038308896, 0.0046810107), (-0.008116946, 0.010913792, 0.006501402), (-0.009766471, 0.013708329, 0.006730494), (-0.011403284, 0.016510326, 0.0068440065), (-0.012982332, 0.01924435, 0.006798865), (-0.014551412, 0.021992411, 0.0065909713), (-0.016121784, 0.024770884, 0.0062720426), (-0.01766083, 0.027518151, 0.0059037562), (-0.02073709, 0.033068426, 0.0052154507), (-0.023580661, 0.038266204, 0.0047066594), (-0.0091128135, 0.010335683, 0.006801687), (-0.018630024, 0.026958587, 0.0062218015), (-0.021580853, 0.032582045, 0.005457145), (-0.024327843, 0.037834816, 0.0049070874), (-0.030424979, 0.055074766, 0.0024615985), (-0.030629022, 0.054749623, 0.0026145114), (-0.031018091, 0.05396355, 0.0029318838), (-0.031132115, 0.053997386, 0.002937902), (-0.031269863, 0.053118117, 0.0032049094), (-0.031390324, 0.05313434, 0.0032131774), (-0.031282116, 0.05305361, 0.0032233326), (-0.031402886, 0.053068332, 0.0032318085), (-0.031356804, 0.0529767, 0.0032511249), (-0.031466242, 0.052995667, 0.0032551088), (-0.031520166, 0.052817658, 0.003299702), (-0.031604048, 0.05284628, 0.003296247), (-0.006210896, 0.0006980463, 0.0035993995), (-0.0061904914, 0.00092518795, 0.0038207932), (-0.006084541, 0.0014279422, 0.003677825), (-0.005963236, 0.0021346246, 0.0041678073), (-0.005875563, 0.0021307876, 0.003612478), (-0.005655772, 0.0028676826, 0.0040171994), (-0.005280046, 0.0035325298, 0.0037712997), (-0.005863497, 0.0030805557, 0.0045580612), (-0.005457046, 0.003834646, 0.004344481), (-0.0062362202, 0.0033203335, 0.0049877744), (-0.0058204182, 0.004171317, 0.0047981786), (-0.006187725, 0.001833689, 0.004492283), (-0.0061944714, 0.002259184, 0.00468368), (-0.0061944714, 0.002259184, 0.00468368), (-0.006256543, 0.0028720018, 0.00492496), (-0.0053386656, 0.0049521574, 0.004537184), (-0.0041787135, 0.006312466, 0.0038245302), (-0.003529387, 0.006861937, 0.0034005612), (-0.0028685087, 0.0072879903, 0.0029671923), (-0.0027227886, 0.006441236, 0.002487553), (-0.002145211, 0.0066572255, 0.0021306183), (-0.0022535045, 0.0060181622, 0.0014045233), (-0.0016512666, 0.0061934823, 0.0011804729), (-0.0018825728, 0.0059596305, 0.0004374577), (-0.001232492, 0.006127305, 0.00043707897), (-0.0009815292, 0.00630615, 0.0010802152), (0.00014767643, 0.0062482567, 0.0007403107), (-0.00018675227, 0.006338868, 0.0010658713), (0.00077978865, 0.006247162, 0.0010508768), (-0.000109654364, 0.006650096, 0.0014237796), (0.0008375938, 0.0063950643, 0.0012207879), (0.00007565385, 0.007076632, 0.001545098), (0.00094055495, 0.006596168, 0.0012761244), (-0.0021484804, 0.0075452523, 0.0025292453), (-0.0014152165, 0.007582961, 0.0021403614), (-0.0006878212, 0.0074192304, 0.001818495), (0.0018341548, 0.006023927, 0.0009921835), (0.0017981308, 0.0059857517, 0.0009102009), (0.0009430025, 0.00617839, 0.0008777008), (-0.0025008933, 0.0057278266, 0.00060272194), (-0.0028098961, 0.00578403, 0.0017604642), (-0.0033005297, 0.006105153, 0.0028944502), (-0.0030629155, 0.0054480354, 0.00094507786), (-0.0035672183, 0.0051320028, 0.0014130076), (-0.0033343732, 0.005485351, 0.0021903345), (-0.004470759, 0.004367471, 0.002349818), (-0.003866699, 0.0051023923, 0.0026408846), (-0.0048531303, 0.004121948, 0.0034510964), (-0.0049908296, 0.0045122956, 0.0040599885), (-0.005258922, 0.003377314, 0.0031363675), (-0.0038968222, 0.005656378, 0.0033180215), (-0.0015447689, 0.006764069, 0.00184292), (-0.0008924719, 0.006766747, 0.001616941), (-0.008290815, -0.0071071424, 0.0023612229), (-0.0073287496, -0.007660439, 0.0034891046), (-0.0092017865, -0.010301469, 0.003400417), (-0.008288012, -0.010825422, 0.004322239), (-0.011022874, -0.01300849, 0.0033184183), (-0.010054099, -0.013561218, 0.0043146824), (-0.012757001, -0.015728755, 0.0032446627), (-0.011757218, -0.016305981, 0.0042832657), (-0.014362856, -0.018447306, 0.0031840983), (-0.013354362, -0.019029561, 0.0042215167), (-0.015875012, -0.021228231, 0.0031358886), (-0.014883459, -0.021800706, 0.0041273306), (-0.017327938, -0.024058413, 0.003094524), (-0.01637315, -0.024613816, 0.004009988), (-0.018740917, -0.026894566, 0.003054915), (-0.017829783, -0.027420608, 0.0038806682), (-0.021601796, -0.032565784, 0.0029584344), (-0.020782871, -0.03303947, 0.003621154), (-0.02434925, -0.037822455, 0.0028406705), (-0.023607254, -0.03825085, 0.0033912158), (-0.026443627, -0.043472458, 0.0031494715), (-0.02709934, -0.043096937, 0.0027089424), (-0.010253835, -0.009698561, 0.0021470156), (-0.012143819, -0.012369503, 0.0019779461), (-0.013918295, -0.01505828, 0.001857462), (-0.01553923, -0.017768128, 0.0018041956), (-0.017037006, -0.020557355, 0.0018193151), (-0.018452516, -0.023403976, 0.0018784866), (-0.01981973, -0.026271712, 0.0019570119), (-0.022581007, -0.031999346, 0.00207517), (-0.025242802, -0.037306562, 0.0021070663), (-0.027893953, -0.042641968, 0.002121834), (-0.025774416, -0.043855768, 0.0035609738), (-0.022846248, -0.038690217, 0.0039052842), (-0.019938337, -0.033527937, 0.0042394563), (-0.01688268, -0.02796742, 0.00465256), (-0.0153765045, -0.025193386, 0.0048663723), (-0.013844406, -0.022400603, 0.005054789), (-0.012294139, -0.01964168, 0.005189999), (-0.010703552, -0.016914316, 0.005248241), (-0.0090314, -0.014145082, 0.005232543), (-0.0073214495, -0.011379851, 0.005161218), (-0.006488174, -0.008144014, 0.004305775), (-0.005597283, -0.008656639, 0.005035351), (-0.0046645533, -0.009193419, 0.005673269), (-0.003909173, -0.009628174, 0.006114955), (-0.003823953, -0.009677224, 0.006159612), (-0.0036491607, -0.009777838, 0.006238388), (-0.0052017975, -0.012596224, 0.0065987846), (-0.004804507, -0.012824343, 0.0067381654), (-0.0067848787, -0.015428604, 0.0068413494), (-0.0063606612, -0.015671235, 0.007005775), (-0.008385975, -0.018252375, 0.006963084), (-0.007946295, -0.018506223, 0.0071439655), (-0.009962626, -0.020987784, 0.0069184788), (-0.009520211, -0.02124321, 0.0071031936), (-0.0115624685, -0.023718081, 0.006703338), (-0.011131103, -0.023967132, 0.0068792524), (-0.013192607, -0.026462773, 0.0063720103), (-0.012782561, -0.02670096, 0.0065306383), (-0.014812959, -0.029162375, 0.0059894854), (-0.0144276945, -0.029384807, 0.006127668), (-0.018103436, -0.03458912, 0.005277003), (-0.017767558, -0.034783345, 0.0053801844), (-0.021200709, -0.03964027, 0.0047548753), (-0.020902727, -0.039812308, 0.004838977), (-0.024078015, -0.044827856, 0.0043010064), (-0.024335667, -0.044680167, 0.00423352), (-0.024464797, -0.044606145, 0.0041964375), (-0.02452935, -0.044569142, 0.004177026), (-0.025092602, -0.044246357, 0.0039429786), (-0.022067541, -0.0391398, 0.004382047), (-0.01907, -0.034030154, 0.0048120255), (-0.015901782, -0.028533742, 0.0053685266), (-0.014340368, -0.025795752, 0.0056611905), (-0.012760512, -0.023026392, 0.0059153126), (-0.01118538, -0.020281827, 0.006086177), (-0.009600066, -0.017551418, 0.006135866), (-0.007960066, -0.014757023, 0.0060679447), (-0.0063088685, -0.011960849, 0.0059130285), (-0.023328463, -0.045257553, 0.004447538), (-0.02381933, -0.04497615, 0.004360085), (-0.0200305, -0.04031589, 0.0049909637), (-0.016777368, -0.03535591, 0.005530172), (-0.013274994, -0.030050319, 0.006278547), (-0.011546039, -0.027419023, 0.006680384), (-0.009822791, -0.024722485, 0.007022267), (-0.012358568, -0.026947197, 0.0066344975), (-0.0106828725, -0.024225919, 0.0069902763), (-0.008175482, -0.022019591, 0.0072284075), (-0.009059269, -0.021509336, 0.007215182), (-0.0074883495, -0.018770618, 0.0072479844), (-0.006613542, -0.01927569, 0.0072364723), (-0.005920354, -0.015923154, 0.0070926454), (-0.0050853607, -0.016400935, 0.0070493035), (-0.003625404, -0.013501481, 0.006721895), (-0.0022388462, -0.01058975, 0.0062574875), (-0.0029196404, -0.010197823, 0.00637836), (-0.003288391, -0.009985527, 0.006344299), (-0.005486234, -0.012432951, 0.0064467243), (-0.007087494, -0.015255614, 0.0066686305), (-0.008699118, -0.01807158, 0.0067778486), (-0.010278212, -0.02080558, 0.0067326417), (-0.01187165, -0.023539575, 0.0065289796), (-0.013488626, -0.02629078, 0.0062171128), (-0.015093493, -0.029000409, 0.005856895), (-0.018351916, -0.03444543, 0.005182251), (-0.021423122, -0.03951186, 0.004680998), (-0.0053931484, -0.012486379, 0.006501398), (-0.0069885273, -0.015312177, 0.0067304894), (-0.008596722, -0.0181307, 0.006844001), (-0.010174932, -0.020865208, 0.0067988583), (-0.011770282, -0.023598101, 0.006590964), (-0.013391324, -0.026347319, 0.0062720343), (-0.015001005, -0.029053805, 0.005903747), (-0.018269552, -0.03449306, 0.0052154395), (-0.021349173, -0.03955455, 0.004706647), (-0.0043945573, -0.013059771, 0.006801683), (-0.014031812, -0.02961337, 0.0062217927), (-0.01742645, -0.03498059, 0.0054571345), (-0.02060199, -0.039985936, 0.004907075), (0.007136678, 0.0035694377, 0.0052129747), (0.0069653597, 0.0035899393, 0.005226202), (0.007126429, 0.003600828, 0.0052373894), (0.0071170046, 0.0036083607, 0.005276644), (0.0021630253, 0.006034272, 0.00090297573), (0.0024282513, 0.005862636, 0.0007930264), (0.002627126, 0.0057122903, 0.000671264), (0.0026575583, 0.0057145306, 0.0006845763), (0.0032652696, 0.005329224, 0.00040131592), (0.056799483, -0.0024272865, 0.001989544), (0.05737443, -0.002432915, 0.0020351328), (0.05317736, -0.002944184, 0.0018862817), (0.03900526, -0.0043582735, 0.0013072786), (0.032314356, -0.0050634644, 0.00086458033), (0.02746112, -0.0055403253, 0.0005155723), (0.02410778, -0.0057323347, 0.00035811885), (0.020742483, -0.005735024, 0.0003326395), (0.019996919, -0.005703061, 0.00035057327), (0.020001896, -0.0056232917, 0.000347493), (0.02, -0.005623194, 0.00034755102), (0.016787138, -0.005471069, 0.00049345515), (0.016794302, -0.0053918855, 0.000490244), (0.013617575, -0.0050337226, 0.0007188675), (0.01360746, -0.0051119863, 0.0007227985), (0.01047424, -0.0045538843, 0.0010298046), (0.010461527, -0.0046307775, 0.0010352691), (0.02480107, -0.0056255227, 0.00037761065), (0.029574575, -0.0052715186, 0.0006510787), (0.03899794, -0.0042784507, 0.0012932296), (0.039, -0.0042782733, 0.001293321), (0.050874226, -0.0031233125, 0.0017790764), (0.049905524, 0.0027909384, 0.0045131696), (0.039000086, 0.003795898, 0.005471534), (0.049894985, 0.0027533225, 0.0044442387), (0.039, 0.003757965, 0.005406214), (0.038991798, 0.0037586065, 0.005406896), (0.029509783, 0.004598102, 0.006429988), (0.037154138, 0.003950269, 0.0056413393), (0.029005162, 0.0046732817, 0.0065411576), (0.024768675, 0.004876142, 0.006814778), (0.02477281, 0.0049117915, 0.006871591), (0.02238831, 0.004921158, 0.006888225), (0.020560766, 0.0049337447, 0.006923307), (0.020004932, 0.0048796646, 0.0068471194), (0.019998657, 0.0049152626, 0.0069015888), (0.02, 0.004879477, 0.006846898), (0.016745137, 0.0047387676, 0.0066853696), (0.016752245, 0.0047027455, 0.0066325427), (0.013507616, 0.0044593755, 0.006336269), (0.013517841, 0.0044228137, 0.006285647), (0.010295659, 0.004081115, 0.0058584632), (0.010308685, 0.0040437034, 0.0058108955), (0.006743019, -0.003936883, 0.0014310986), (0.007870067, -0.00305799, 0.0020260776), (0.0073687225, -0.003957553, 0.0014194379), (0.008195139, -0.0037276633, 0.0015848547), (0.010158101, -0.00406928, 0.0013795291), (0.008266847, -0.0025627837, 0.0023520994), (0.010158101, -0.0028012411, 0.0022578083), (0.008531583, -0.0019689915, 0.0027264247), (0.010158101, -0.0014957114, 0.0030814132), (0.008633777, -0.0012989548, 0.0031245076), (0.008587099, -0.0005919396, 0.0035155516), (0.00683287, -0.003728499, 0.0015710549), (0.010158101, -0.00015480921, 0.0038484207), (0.008241093, 0.0008229027, 0.004209647), (0.010158101, 0.0012189634, 0.004557178), (0.008195139, 0.0011610847, 0.0043636803), (0.008195139, 0.0024543067, 0.004927495), (0.0076367334, 0.002215256, 0.0047661643), (0.0068013477, 0.003546963, 0.0051536616), (0.007136678, 0.0035694377, 0.0052129747), (0.010308685, 0.0040437034, 0.0058108955), (0.010158101, 0.0026228845, 0.005206651), (0.0121228695, 0.002769013, 0.0054473337), (0.0121228695, 0.001268822, 0.0047235126), (0.014089444, 0.0013106609, 0.004862684), (0.014089444, -0.00023492827, 0.004007527), (0.0121228695, -0.00019777565, 0.00393547), (0.014089444, -0.0017408861, 0.003085332), (0.0121228695, -0.0016278, 0.0030843643), (0.014089444, -0.0032042905, 0.0020980854), (0.0121228695, -0.0030185173, 0.0021720321), (0.014089444, -0.004622679, 0.0010480934), (0.016057823, -0.0048344615, 0.00092198286), (0.013617575, -0.0050337226, 0.0007188675), (0.016794302, -0.0053918855, 0.000490244), (0.020002076, -0.0051283003, 0.0007489138), (0.02, -0.005623194, 0.00034755102), (0.020001896, -0.0056232917, 0.000347493), (0.023157265, -0.0051965523, 0.0007173988), (0.02480107, -0.0056255227, 0.00037761065), (0.026321694, -0.00510409, 0.00079014973), (0.029574575, -0.0052715186, 0.0006510787), (0.026321694, -0.0035526908, 0.0019524054), (0.032661837, -0.0046378854, 0.0011010591), (0.032661837, -0.0032109753, 0.0020784317), (0.038999986, -0.0028485027, 0.002178984), (0.032661837, -0.0017479099, 0.0030011015), (0.038999982, -0.0015391858, 0.0029279161), (0.032661837, -0.00025059812, 0.003867458), (0.038999975, -0.00020537521, 0.0036323396), (0.032661837, 0.001278767, 0.004676115), (0.038999967, 0.0011514125, 0.004291398), (0.038999964, 0.0025295664, 0.0049045156), (0.032661837, 0.0028378211, 0.005426165), (0.038991798, 0.0037586065, 0.005406896), (0.029509783, 0.004598102, 0.006429988), (0.026321694, 0.0030980916, 0.0059222584), (0.024768675, 0.004876142, 0.006814778), (0.023157265, 0.003153563, 0.00604589), (0.02238831, 0.004921158, 0.006888225), (0.020004515, 0.003129138, 0.0060254904), (0.020004932, 0.0048796646, 0.0068471194), (0.02, 0.004879477, 0.006846898), (0.016057823, 0.0029939224, 0.0058132806), (0.016752245, 0.0047027455, 0.0066325427), (0.014089444, 0.0028926923, 0.005649544), (0.013517841, 0.0044228137, 0.006285647), (0.039, 0.003757965, 0.005406214), (0.044980526, 0.0022513247, 0.0045038667), (0.044980526, 0.0010177117, 0.0039839116), (0.05095928, 0.0008556687, 0.0036537277), (0.05095928, -0.00020747859, 0.0031991452), (0.044980526, -0.00019976454, 0.00342708), (0.05095928, -0.0012584393, 0.0027168882), (0.044980526, -0.0013999532, 0.002833758), (0.05095928, -0.002296477, 0.0022072808), (0.056936275, -0.0019926655, 0.0021873156), (0.056799483, -0.0024272865, 0.001989544), (0.06270466, -0.0015813288, 0.0021861622), (0.056936275, -0.0011146435, 0.0025773062), (0.0629115, -0.0011368762, 0.0023512272), (0.056936275, -0.00022851728, 0.0029485337), (0.06251191, -0.00006173904, 0.0027660208), (0.056936275, 0.00066528254, 0.0033008435), (0.061752804, 0.00083877577, 0.003120981), (0.061563786, 0.0009820642, 0.0031803106), (0.056936275, 0.0015663203, 0.0036341173), (0.06066656, 0.0013460127, 0.003353702), (0.049894985, 0.0027533225, 0.0044442387), (0.05095928, 0.0019302432, 0.0040804017), (0.0629093, -0.0013034168, 0.0022875275), (0.06285659, -0.001477156, 0.00222203), (0.050874226, -0.0031233125, 0.0017790764), (0.044980526, -0.0025817559, 0.0022045039), (0.03899999, -0.0041319584, 0.0013865465), (0.039, -0.0042782733, 0.001293321), (0.03899794, -0.0042784507, 0.0012932296), (0.0121228695, -0.004367619, 0.0012006088), (0.01047424, -0.0045538843, 0.0010298046), (0.016057823, 0.0013444796, 0.0049746917), (0.016057823, -0.0002662671, 0.004064592), (0.016057823, -0.0018349694, 0.0030843168), (0.016057823, -0.0033585613, 0.0020359685), (0.020004027, 0.0013880858, 0.0051173083), (0.02000354, -0.00031153348, 0.00413378), (0.023157265, 0.0013945937, 0.005126752), (0.026321694, 0.0013743755, 0.005035408), (0.02000305, -0.0019661998, 0.0030763287), (0.023157265, -0.00032319303, 0.00413259), (0.026321694, -0.0003107458, 0.0040771775), (0.020002564, -0.0035726924, 0.0019471807), (0.023157265, -0.001996341, 0.003064801), (0.026321694, -0.001954079, 0.003048848), (0.023157265, -0.003621685, 0.0019255639), (0.0037099742, 0.0050297696, 0.0035994004), (0.0038964823, 0.0048985276, 0.0038207937), (0.004278905, 0.004555395, 0.0036778254), (0.004830258, 0.0040970007, 0.0041678073), (0.004783098, 0.004022992, 0.0036124785), (0.0053113727, 0.0034642, 0.0040171994), (0.005699284, 0.0028063876, 0.0037712997), (0.0055995886, 0.0035376586, 0.0045580612), (0.0060494244, 0.0028086165, 0.004344481), (0.0059936037, 0.0037405575, 0.0049877744), (0.006522677, 0.0029549708, 0.0047981786), (0.0046818843, 0.004441881, 0.0044922833), (0.005053747, 0.004234976, 0.00468368), (0.005053747, 0.004234976, 0.00468368), (0.005615499, 0.003982323, 0.00492496), (0.006958028, 0.0021473404, 0.0045371833), (0.0075561134, 0.0004626382, 0.0038245292), (0.0077073053, -0.0003744303, 0.00340056), (0.0077458397, -0.0011597945, 0.002967191), (0.006939669, -0.0008626146, 0.0024875517), (0.0068379324, -0.0014708061, 0.002130617), (0.006338633, -0.0010574891, 0.0014045222), (0.0061893463, -0.0016667026, 0.0011804716), (0.0061024777, -0.0013494595, 0.0004374565), (0.005922648, -0.0019962832, 0.00043707766), (0.0059520504, -0.0023030457, 0.0010802138), (0.0053373105, -0.00325202, 0.0007403092), (0.0055829966, -0.0030077018, 0.0010658698), (0.0050203064, -0.003798898, 0.0010508752), (0.0058139795, -0.003230085, 0.001423778), (0.005119491, -0.0039229095, 0.0012207862), (0.0060907165, -0.0036038347, 0.0015450963), (0.0052421717, -0.0041126288, 0.0012761226), (0.007608621, -0.0019119882, 0.002529244), (0.007274646, -0.0025658677, 0.0021403597), (0.0067691533, -0.0031139452, 0.0018184934), (0.0042997967, -0.0046003885, 0.0009921818), (0.004284748, -0.0045501026, 0.00091019913), (0.004879141, -0.003905859, 0.0008776992), (0.00621089, -0.00069807604, 0.0006027209), (0.006414065, -0.000458574, 0.0017604631), (0.006937483, -0.00019423453, 0.0028944493), (0.0062495945, -0.00007145518, 0.000945077), (0.006228054, 0.0005233001, 0.0014130069), (0.0064176405, 0.00014497578, 0.0021903336), (0.0060177213, 0.0016880549, 0.0023498174), (0.0063521513, 0.0007974629, 0.002640884), (0.005996277, 0.0021419597, 0.003451096), (0.006403178, 0.0020660367, 0.004059988), (0.005554301, 0.0028657024, 0.0031363675), (0.006846978, 0.00054655754, 0.0033180206), (0.006630241, -0.002044226, 0.0018429186), (0.0063064117, -0.0026104709, 0.0016169394), (0.002627126, 0.0057122903, 0.000671264), (0.0018341548, 0.006023927, 0.0009921835), (0.0017981308, 0.0059857517, 0.0009102009), (0.0032730426, 0.005324443, 0.00039806857)]
                                        texCoord2f[] primvars:st0 = [(0.05617779, 0.2373609), (0.05074563, 0.23963511), (0.06159665, 0.24882549), (0.05715284, 0.25235242), (0.06806535, 0.26145917), (0.05025189, 0.22528905), (0.056347962, 0.22465003), (0.05573839, 0.21202737), (0.06207963, 0.21330225), (0.066132165, 0.20223248), (0.07218158, 0.2055965), (0.079615444, 0.19740522), (0.08467651, 0.20296866), (0.09398462, 0.1984582), (0.09712065, 0.2060144), (0.106675595, 0.20532274), (0.107003905, 0.21416408), (0.115451716, 0.2167176), (0.11239536, 0.22569907), (0.118822426, 0.23055685), (0.112263694, 0.23834574), (0.11635398, 0.2445634), (0.10662032, 0.24966812), (0.10832278, 0.25638592), (0.096528724, 0.2573722), (0.09605911, 0.26382875), (0.08403513, 0.2598455), (0.08179287, 0.26557434), (0.07154681, 0.25672036), (0.14435096, 0.19346946), (0.115451716, 0.2167176), (0.1522287, 0.2127006), (0.118822426, 0.23055685), (0.15474667, 0.22857761), (0.15397193, 0.24488044), (0.11635398, 0.2445634), (0.15110146, 0.25572395), (0.14133123, 0.27422386), (0.10832278, 0.25638592), (0.12645194, 0.28889722), (0.09605911, 0.26382875), (0.10790135, 0.29853344), (0.087361984, 0.3022107), (0.08179287, 0.26557434), (0.06682375, 0.29940236), (0.06806535, 0.26145917), (0.051846, 0.29367304), (0.038139142, 0.28489006), (0.05715284, 0.25235242), (0.030183062, 0.27702016), (0.018952664, 0.25944024), (0.05074563, 0.23963511), (0.013507399, 0.2392934), (0.05025189, 0.22528905), (0.014257866, 0.21838886), (0.021223526, 0.1986605), (0.05573839, 0.21202737), (0.03391891, 0.18216515), (0.066132165, 0.20223248), (0.04643436, 0.17201686), (0.06098741, 0.16449982), (0.079615444, 0.19740522), (0.071857005, 0.16155624), (0.09285443, 0.16073304), (0.09398462, 0.1984582), (0.11309677, 0.16626292), (0.106675595, 0.20532274), (0.1308136, 0.17750865), (0.74776906, 0.07582086), (0.769857, 0.076464415), (0.7499693, 0.07510322), (0.76965225, 0.06793332), (0.78721166, 0.059321582), (0.7919427, 0.07718319), (0.802515, 0.04890603), (0.81402683, 0.07795119), (0.8157062, 0.036311865), (0.82519567, 0.023309588), (0.8361099, 0.07875192), (0.8295373, 0.015091181), (0.833619, 0.00506407), (0.8348665, 0.0026558042), (0.8396151, 0.04179561), (0.8546765, 0.0034831762), (0.8485694, 0.04312235), (0.85750526, 0.042696238), (0.8581818, 0.07981533), (0.8493391, 0.07467067), (0.84471655, 0.0689708), (0.8426316, 0.06446731), (0.8407842, 0.05783373), (0.8398998, 0.05181265), (0.8396173, 0.047686398), (0.8744873, 0.0042897463), (0.8746261, 0.03760034), (0.89037967, 0.028672636), (0.8942984, 0.005090356), (0.9052068, 0.017872691), (0.9141108, 0.0058571696), (0.91264343, 0.012456179), (0.92042005, 0.008578122), (0.9285006, 0.0068084), (0.9339353, 0.0061972737), (0.9366572, 0.006621361), (0.9537364, 0.0051644444), (0.9536778, 0.009334803), (0.9634603, 0.010442257), (0.9735267, 0.0039458275), (0.97411585, 0.010145247), (0.9933126, 0.0026558042), (0.682279, 0.0045533776), (0.6627279, 0.0037451386), (0.66749537, 0.042883575), (0.67645043, 0.044206202), (0.6640081, 0.079841256), (0.6614814, 0.006154597), (0.65740454, 0.016183794), (0.65306693, 0.024404347), (0.64192474, 0.079051375), (0.6435838, 0.037411094), (0.6303987, 0.050011694), (0.61984026, 0.07829404), (0.6151005, 0.06043464), (0.59775406, 0.077585936), (0.5975452, 0.06905496), (0.5778657, 0.0762344), (0.5756657, 0.07695329), (0.6860804, 0.08089399), (0.6772352, 0.07575375), (0.67260987, 0.07005614), (0.6705228, 0.065553725), (0.6686723, 0.05892104), (0.6677849, 0.052900612), (0.66750044, 0.04877448), (0.68538606, 0.043776155), (0.70183086, 0.005341172), (0.7025049, 0.038672984), (0.71825427, 0.029737651), (0.7213829, 0.0061236024), (0.7330781, 0.018933237), (0.74093616, 0.006878495), (0.74051404, 0.01351577), (0.7482908, 0.009637654), (0.7563681, 0.00785321), (0.7604991, 0.0073059797), (0.76452553, 0.007739544), (0.7800428, 0.0063530803), (0.7815479, 0.010433912), (0.79132986, 0.011542082), (0.799574, 0.0051690936), (0.80198497, 0.011252105), (0.81909865, 0.0038804412), (0.8192173, 0.0042893887), (0.8201436, 0.0038126707), (0.8211887, 0.0037451386), (0.5081935, 0.0046404004), (0.4883834, 0.0038125515), (0.49313247, 0.042953312), (0.5020869, 0.044279873), (0.48962766, 0.07990974), (0.4871359, 0.006222427), (0.48305434, 0.016249657), (0.47871286, 0.024468184), (0.4675448, 0.07910937), (0.46922362, 0.03747034), (0.4560326, 0.050064623), (0.4454609, 0.07834166), (0.44072962, 0.060480237), (0.42337528, 0.07762319), (0.4231705, 0.069092095), (0.40348783, 0.076262236), (0.40128738, 0.076980054), (0.51170015, 0.08097285), (0.5028571, 0.075828254), (0.49823433, 0.07012832), (0.4961493, 0.06562483), (0.4943018, 0.058991134), (0.49341726, 0.05297005), (0.4931348, 0.0488441), (0.51102275, 0.04385364), (0.5280045, 0.005446732), (0.52814364, 0.038757443), (0.5438972, 0.029829621), (0.54781574, 0.0062472224), (0.55872434, 0.019029438), (0.5676282, 0.007013738), (0.56616086, 0.013612866), (0.5739374, 0.009734571), (0.58201814, 0.007964671), (0.58745277, 0.007353604), (0.59017456, 0.0077776313), (0.6072535, 0.0063206553), (0.6071949, 0.010490954), (0.6169774, 0.011598289), (0.62704366, 0.0051018596), (0.6276329, 0.0113011), (0.64682937, 0.0038125515), (0.061932296, 0.37264347), (0.12521997, 0.35883307), (0.06259206, 0.37467408), (0.11360344, 0.33473086), (0.064026326, 0.37618804), (0.09265491, 0.3180157), (0.06597534, 0.37688124), (0.06654188, 0.31202817), (0.06804058, 0.3765968), (0.04050395, 0.31792724), (0.06983724, 0.375391), (0.019706696, 0.334473), (0.07107368, 0.37357068), (0.00814274, 0.35845852), (0.0714201, 0.37145507), (0.008126527, 0.38517523), (0.07082185, 0.36946929), (0.019711941, 0.40933526), (0.06938365, 0.36798978), (0.040620357, 0.42609382), (0.06740746, 0.3673147), (0.06667277, 0.43211806), (0.06527576, 0.36755943), (0.09271315, 0.42623985), (0.06341502, 0.36868668), (0.113613635, 0.4096247), (0.06222233, 0.3705039), (0.12521997, 0.38556552), (0.16079149, 0.9636263), (0.14640656, 0.9661546), (0.14457723, 0.97932667), (0.13248247, 0.9729247), (0.13485199, 0.98591655), (0.12820023, 0.97423345), (0.12635136, 0.9746468), (0.11087999, 0.97226214), (0.12082869, 0.9749703), (0.11150789, 0.9738216), (0.12023643, 0.9892492), (0.11170289, 0.9890811), (0.09492478, 0.98040235), (0.10439423, 0.9876241), (0.09888983, 0.9863851), (0.0789831, 0.98466885), (0.18262601, 0.95479095), (0.16482532, 0.95732546), (0.15495592, 0.96178126), (0.15120026, 0.9525157), (0.141815, 0.9555314), (0.14863354, 0.9420175), (0.13909331, 0.943213), (0.1524069, 0.93181336), (0.13469896, 0.9295446), (0.18711442, 0.95418835), (0.18576735, 0.94931376), (0.18122557, 0.95096505), (0.17844644, 0.95204234), (0.1784401, 0.94251716), (0.17570445, 0.943565), (0.17545399, 0.9333871), (0.17275071, 0.9345046), (0.17266142, 0.9250633), (0.16258082, 0.9293182), (0.18976161, 0.94818485), (0.19543946, 0.95447505), (0.19765657, 0.94678617), (0.19802853, 0.9542619), (0.20544091, 0.94607216), (0.2229935, 0.95534027), (0.21948472, 0.94599205), (0.24372882, 0.9486033), (0.24648342, 0.9363389), (0.25851408, 0.937823), (0.26077884, 0.9237769), (0.27922142, 0.925506), (0.27446613, 0.9102286), (0.29897454, 0.911078), (0.2971323, 0.9280359), (0.3005594, 0.9219856), (0.30404946, 0.9330287), (0.29196298, 0.9442723), (0.2993912, 0.9460393), (0.28553003, 0.9588938), (0.29263824, 0.9609642), (0.28524977, 0.97356474), (0.30197978, 0.96342194), (0.3035319, 0.97935957), (0.31194282, 0.9657359), (0.3146061, 0.9823619), (0.31813684, 0.96334875), (0.32497156, 0.97433424), (0.32913065, 0.98587424), (0.33293998, 0.9864544), (0.24503168, 0.96001315), (0.25472096, 0.95084095), (0.27554524, 0.9407617), (0.26526332, 0.9665122), (0.27030802, 0.9547672), (0.3088271, 0.94817555), (0.24873257, 0.91069543), (0.2478221, 0.9232459), (0.22010794, 0.9353988), (0.22147399, 0.9136033), (0.21972373, 0.9243156), (0.20493302, 0.9364313), (0.19646695, 0.9376002), (0.18764871, 0.93943995), (0.19254404, 0.9190565), (0.20366737, 0.92628217), (0.19465387, 0.9278921), (0.17752719, 0.9231664), (0.1851666, 0.9301549), (0.1802445, 0.9315778), (0.18312731, 0.9407891), (0.15921062, 0.9395375), (0.13360506, 0.9364718), (0.12898573, 0.9481703), (0.12757522, 0.95910156), (0.12391281, 0.95882666), (0.12401816, 0.95940506), (0.12635621, 0.9886388), (0.16181552, 0.9488182), (0.74097943, 0.96369624), (0.72661936, 0.9664375), (0.72498095, 0.9796475), (0.7127824, 0.97341657), (0.71534324, 0.98638487), (0.7085156, 0.97478884), (0.70667136, 0.9752295), (0.6911527, 0.973069), (0.70114887, 0.9756339), (0.691804, 0.97462064), (0.7007637, 0.98993254), (0.6922205, 0.9898875), (0.6753007, 0.98145366), (0.6848848, 0.98853904), (0.67935777, 0.9873814), (0.65937984, 0.98595846), (0.76270103, 0.95453024), (0.74492383, 0.9573306), (0.7351119, 0.9619352), (0.73121727, 0.9527174), (0.7218689, 0.95587265), (0.7284951, 0.9422488), (0.7189653, 0.9435843), (0.73212206, 0.93198264), (0.7143694, 0.92996955), (0.76718456, 0.9538594), (0.7657627, 0.9490013), (0.7612423, 0.9507221), (0.75847715, 0.9518416), (0.75832874, 0.94231045), (0.75560707, 0.94339955), (0.7552057, 0.9332199), (0.75251746, 0.93437785), (0.7522894, 0.9249333), (0.7422657, 0.9293376), (0.76974237, 0.9478111), (0.7755213, 0.9540185), (0.7776201, 0.9462906), (0.7781089, 0.95376486), (0.7853953, 0.9454551), (0.80309963, 0.9544416), (0.79943746, 0.94515085), (0.82370424, 0.94735384), (0.82624173, 0.9350767), (0.83825195, 0.9363617), (0.8402947, 0.92233574), (0.85866725, 0.9238156), (0.8537506, 0.9086325), (0.8782581, 0.9091463), (0.87643445, 0.9261862), (0.8798685, 0.9200671), (0.88334537, 0.9312268), (0.8714707, 0.9422916), (0.8787633, 0.9439601), (0.86542046, 0.9567275), (0.87242925, 0.9585851), (0.8656235, 0.9711482), (0.88153404, 0.9607242), (0.8838405, 0.97584784), (0.89098066, 0.9626373), (0.8945823, 0.97778374), (0.89653784, 0.96028054), (0.90347815, 0.9692543), (0.90847063, 0.97946376), (0.912022, 0.97960025), (0.82522035, 0.958724), (0.83470523, 0.9493829), (0.855216, 0.9390235), (0.8455534, 0.96476316), (0.8502849, 0.95297945), (0.8878881, 0.94597346), (0.82809746, 0.9094589), (0.8273725, 0.9219966), (0.7998909, 0.93455493), (0.8009248, 0.9127583), (0.7993367, 0.92348754), (0.7847377, 0.9358219), (0.7762891, 0.9371201), (0.7674959, 0.9390938), (0.7720886, 0.9186344), (0.7833185, 0.9256933), (0.77432966, 0.9274384), (0.7571295, 0.92296463), (0.76487434, 0.9298428), (0.7599716, 0.931339), (0.7629928, 0.94051147), (0.7390432, 0.93961257), (0.71337503, 0.93691766), (0.70892227, 0.9486925), (0.70766956, 0.9596531), (0.7040001, 0.9594314), (0.70411384, 0.96000874), (0.7068796, 0.9892329), (0.74178624, 0.9488613), (0.011283974, 0.087151945), (0.050077427, 0.07818133), (0.011511411, 0.063833475), (0.05254485, 0.06438464), (0.02049895, 0.043178737), (0.06040076, 0.05308044), (0.03410581, 0.027230382), (0.050577015, 0.015865505), (0.071925744, 0.045965433), (0.06921126, 0.009007454), (0.08533695, 0.044083536), (0.08945148, 0.0070313215), (0.11061262, 0.010939121), (0.09851704, 0.04792732), (0.1295228, 0.023424983), (0.10890043, 0.056970835), (0.14210685, 0.040265083), (0.11468119, 0.06929171), (0.14939792, 0.058944583), (0.15169664, 0.07839382), (0.11529081, 0.08267623), (0.1490695, 0.097943306), (0.11058515, 0.09528822), (0.14124158, 0.116836965), (0.12742639, 0.13382375), (0.10083753, 0.10501784), (0.107069395, 0.14420587), (0.087876335, 0.10969347), (0.086044796, 0.14688444), (0.07432064, 0.10861313), (0.06606851, 0.14397508), (0.04788403, 0.13629031), (0.06231169, 0.102321506), (0.032054555, 0.1242156), (0.05367801, 0.091667175), (0.019374754, 0.10787523), (0.017472845, 0.044837832), (0.009788672, 0.06347108), (0.009589399, 0.06457406), (0.028887857, 0.029941738), (0.04265553, 0.018600702), (0.058210663, 0.010659397), (0.07521839, 0.006204486), (0.09336098, 0.005597949), (0.11218297, 0.009703159), (0.12922068, 0.020776808), (0.14125812, 0.035556614), (0.14902657, 0.05192721), (0.1528403, 0.069084704), (0.1528403, 0.08654934), (0.14896174, 0.10389429), (0.1409083, 0.12058914), (0.12795262, 0.1356619), (0.10954333, 0.14525658), (0.09059143, 0.14848024), (0.072395004, 0.14714319), (0.05547112, 0.14193743), (0.040165655, 0.13322091), (0.026886709, 0.12114501), (0.01623613, 0.1057021), (0.00939172, 0.086726665), (0.009422201, 0.06566948), (0.10547908, 0.09297395), (0.11058515, 0.09528822), (0.110005066, 0.08184278), (0.11529081, 0.08267623), (0.11468119, 0.06929171), (0.10083753, 0.10501784), (0.0964184, 0.10110825), (0.087876335, 0.10969347), (0.08470459, 0.10439032), (0.07432064, 0.10861313), (0.07280053, 0.10223347), (0.06231169, 0.102321506), (0.062896796, 0.09519732), (0.05367801, 0.091667175), (0.056897514, 0.08449191), (0.050077427, 0.07818133), (0.05620834, 0.07213873), (0.05254485, 0.06438464), (0.061012764, 0.060807228), (0.06040076, 0.05308044), (0.07011974, 0.05280304), (0.071925744, 0.045965433), (0.08170719, 0.04956287), (0.08533695, 0.044083536), (0.093623765, 0.05176395), (0.09851704, 0.04792732), (0.10340101, 0.059040427), (0.10890043, 0.056970835), (0.10915114, 0.06985724), (0.16000932, 0.22812372), (0.15875891, 0.21108717), (0.1587101, 0.22265965), (0.15653944, 0.21162742), (0.15603353, 0.22296268), (0.15435687, 0.21217072), (0.15557408, 0.22302109), (0.15590179, 0.24129897), (0.15544562, 0.24513865), (0.15468457, 0.24906504), (0.15591542, 0.2452184), (0.15517731, 0.24918693), (0.15898086, 0.24566197), (0.15831281, 0.24995118), (0.16000932, 0.24577945), (0.1593434, 0.25021362), (0.15747064, 0.2580527), (0.15533085, 0.25721586), (0.15319495, 0.25644702), (0.15903789, 0.24151099), (0.1563452, 0.24134684), (0.066219725, 0.30150437), (0.08743617, 0.30549914), (0.10897546, 0.30167258), (0.12840858, 0.2915784), (0.14400212, 0.27620894), (0.14671145, 0.27821988), (0.065600455, 0.30365932), (0.08751625, 0.30892992), (0.110084586, 0.30488408), (0.13041805, 0.2943151), (0.06496053, 0.3058439), (0.049621392, 0.29844958), (0.054990057, 0.30004573), (0.056060087, 0.29758126), (0.056238145, 0.29715466), (0.04027646, 0.2883414), (0.03718334, 0.28603637), (0.03416675, 0.28342777), (0.036881026, 0.28640264), (0.03381678, 0.28379333), (0.034973968, 0.28883064), (0.03160106, 0.28612322), (0.034360714, 0.28966063), (0.030863352, 0.28688323), (0.025019191, 0.28138393), (0.02679959, 0.27994573), (0.028520837, 0.2784766), (0.03853209, 0.2909466), (0.040014453, 0.28870022), (0.14716682, 0.19175047), (0.13299616, 0.17499435), (0.114438646, 0.16321307), (0.09323401, 0.157413), (0.071433455, 0.15937221), (0.07102834, 0.15712899), (0.09361654, 0.15404707), (0.07068004, 0.15484864), (0.15010402, 0.18995452), (0.1352242, 0.17241347), (0.11580223, 0.16008955), (0.04339605, 0.1676743), (0.029240161, 0.17731321), (0.039305087, 0.1715467), (0.030823916, 0.1789664), (0.04091244, 0.1737175), (0.032391164, 0.18058634), (0.04119423, 0.1740874), (0.056905873, 0.16462243), (0.06047188, 0.16309005), (0.06426661, 0.16178179), (0.060305383, 0.16264182), (0.06412531, 0.1612922), (0.059152137, 0.15975481), (0.06321603, 0.1581834), (0.058737997, 0.15880126), (0.06292688, 0.15715575), (0.055514883, 0.16179073), (0.05672507, 0.16421354), (0.2113302, 0.2139824), (0.21047655, 0.21260786), (0.2079176, 0.21275276), (0.2077735, 0.21254063), (0.20289335, 0.215752), (0.19318858, 0.21903169), (0.19316414, 0.22259057), (0.19219464, 0.22142488), (0.18370244, 0.22980714), (0.18242362, 0.22870278), (0.1830579, 0.23049074), (0.18172982, 0.22942019), (0.18159074, 0.23089242), (0.18036717, 0.22985637), (0.17826301, 0.23187768), (0.17726907, 0.23083699), (0.17210245, 0.24664617), (0.17708406, 0.23066765), (0.17958489, 0.2276721), (0.18168527, 0.23541069), (0.18790463, 0.23433852), (0.19847035, 0.22543979), (0.21094045, 0.21765828), (0.21296611, 0.21671528), (0.2121368, 0.21536958), (0.6664266, 0.14344358), (0.649994, 0.15873885), (0.6660851, 0.15231466), (0.66181874, 0.1637969), (0.6669102, 0.19137168), (0.6413296, 0.16444832), (0.64546925, 0.1915797), (0.6312835, 0.16856468), (0.6238933, 0.1922471), (0.62009525, 0.17063093), (0.6085303, 0.17068756), (0.662746, 0.14440751), (0.6696764, 0.13554943), (0.6829534, 0.11236489), (0.68348575, 0.11270183), (0.6843065, 0.11136377), (0.60232955, 0.19337797), (0.58590704, 0.16767669), (0.5809987, 0.19480294), (0.58071107, 0.16753507), (0.56141245, 0.16926718), (0.5645404, 0.16129899), (0.5448771, 0.15169841), (0.5447234, 0.15629733), (0.53927606, 0.19979101), (0.5598854, 0.1962924), (0.55843323, 0.22315055), (0.58100617, 0.22182834), (0.5810483, 0.24862796), (0.6049861, 0.24744236), (0.603735, 0.22057903), (0.6289784, 0.24637026), (0.626571, 0.21951425), (0.65294766, 0.2454493), (0.6493999, 0.21870834), (0.6768054, 0.24466228), (0.6810367, 0.2710802), (0.6836922, 0.23809052), (0.6908911, 0.2806263), (0.6877388, 0.3239377), (0.69628835, 0.3235041), (0.6963031, 0.32365274), (0.69036174, 0.36627132), (0.69854754, 0.38801515), (0.69043624, 0.40871286), (0.69502866, 0.4521249), (0.66451275, 0.4097296), (0.6860695, 0.49363208), (0.6630068, 0.4946069), (0.6612855, 0.5797312), (0.6399595, 0.49558383), (0.64134437, 0.58035433), (0.6169197, 0.49657685), (0.6214073, 0.5810916), (0.5938835, 0.49760795), (0.6014744, 0.5819325), (0.581542, 0.58285224), (0.5708615, 0.49870133), (0.5640017, 0.58353776), (0.54188365, 0.45790654), (0.56084746, 0.41423267), (0.5332774, 0.39475286), (0.5574458, 0.37198466), (0.53077215, 0.36299115), (0.55580044, 0.3296687), (0.5298675, 0.33109725), (0.5298701, 0.33064455), (0.5563141, 0.27646804), (0.53131557, 0.2869637), (0.5572152, 0.24985957), (0.5345981, 0.24331594), (0.5640491, 0.5838413), (0.59099925, 0.66116977), (0.60849696, 0.6602999), (0.61588264, 0.7377442), (0.6308348, 0.7369995), (0.6260106, 0.65949416), (0.6457757, 0.73628), (0.64352727, 0.65875226), (0.66069865, 0.73558146), (0.6610286, 0.81293994), (0.66710526, 0.810868), (0.6599415, 0.8876878), (0.6486256, 0.8135612), (0.65396076, 0.8906775), (0.6362207, 0.814192), (0.6388162, 0.8862999), (0.6238147, 0.81483376), (0.6258062, 0.87715995), (0.62367606, 0.8748244), (0.6114081, 0.8154884), (0.6178793, 0.86350644), (0.5885802, 0.72535396), (0.60092545, 0.73851764), (0.656261, 0.89052916), (0.6586225, 0.88972366), (0.6726568, 0.7339409), (0.66104656, 0.65807116), (0.6810435, 0.57922655), (0.68353856, 0.5791505), (0.6835401, 0.579107), (0.6721305, 0.21814597), (0.6751286, 0.19572902), (0.5812219, 0.27528697), (0.60618585, 0.27411854), (0.6311721, 0.2730162), (0.656137, 0.27200532), (0.5821912, 0.3284533), (0.60856926, 0.32725942), (0.5839916, 0.37073785), (0.58673567, 0.41302878), (0.6349531, 0.32610995), (0.61056757, 0.36955297), (0.61264104, 0.41188788), (0.6613425, 0.32500273), (0.63715774, 0.3684168), (0.6385657, 0.41079193), (0.6637585, 0.36732507), (0.21448192, 0.21603894), (0.21330678, 0.21344686), (0.22417212, 0.27704263), (0.21725252, 0.21494567), (0.22247186, 0.27061206), (0.216364, 0.21559191), (0.21544051, 0.2159648), (0.22223696, 0.27829236), (0.22834691, 0.3247354), (0.2305254, 0.3551752), (0.24752712, 0.48690557), (0.24581125, 0.4871304), (0.24581957, 0.48718077), (0.26153645, 0.56254196), (0.2683609, 0.60353416), (0.27427107, 0.6285752), (0.2796934, 0.66163576), (0.28262725, 0.67060804), (0.29123706, 0.7178418), (0.29040423, 0.70767367), (0.29249433, 0.7176504), (0.2937221, 0.7174323), (0.29372692, 0.7174618), (0.29780626, 0.7647655), (0.29897064, 0.76468456), (0.30021846, 0.8114846), (0.29904717, 0.8114953), (0.29976234, 0.8591707), (0.2985546, 0.85918784), (0.30082566, 0.91089237), (0.29990047, 0.91107255), (0.29737103, 0.85920066), (0.29124224, 0.71787375), (0.29663724, 0.7648463), (0.29787606, 0.8115043), (0.30171254, 0.91065717), (0.2818996, 0.6616135), (0.27013, 0.6022469), (0.24899948, 0.48669732), (0.24899384, 0.48666024), (0.23721674, 0.38662434), (0.53043056, 0.10308176), (0.53085464, 0.10726929), (0.5372967, 0.11016405), (0.5404636, 0.12126207), (0.5453873, 0.115639806), (0.5500603, 0.12628448), (0.5603304, 0.12983775), (0.546259, 0.13366866), (0.5571936, 0.13842988), (0.54214394, 0.14078826), (0.55358595, 0.14678496), (0.5339082, 0.121940136), (0.53626055, 0.12753737), (0.5388509, 0.13575542), (0.56568, 0.15151423), (0.5919199, 0.15708476), (0.60550135, 0.1579591), (0.6186526, 0.15735757), (0.61702746, 0.14277196), (0.6275892, 0.14030963), (0.6250887, 0.12586439), (0.63469934, 0.12417984), (0.63209295, 0.113260984), (0.64065826, 0.11399341), (0.6446739, 0.12299037), (0.6597214, 0.1156981), (0.6560186, 0.12115407), (0.66907215, 0.11741269), (0.65844285, 0.1277678), (0.6705853, 0.120248556), (0.66277933, 0.13345307), (0.6727268, 0.12267983), (0.631519, 0.1546017), (0.6430461, 0.14949954), (0.65313494, 0.14242631), (0.68210185, 0.11139345), (0.6813265, 0.1103636), (0.6704331, 0.11435437), (0.6232018, 0.11359072), (0.61516285, 0.12833649), (0.6054797, 0.14428747), (0.61377233, 0.11546779), (0.60406864, 0.11842513), (0.6046936, 0.13073272), (0.5840187, 0.12224126), (0.5935081, 0.1322084), (0.57104266, 0.13191402), (0.56866467, 0.14180732), (0.56401867, 0.12184119), (0.5930566, 0.14468992), (0.6375197, 0.137169), (0.647423, 0.13322735), (0.6912321, 0.103266954), (0.68210185, 0.11139345), (0.69854754, 0.09533465), (0.69678944, 0.09676385), (0.6813265, 0.1103636), (0.30439776, 0.92086333), (0.3042972, 0.9292309), (0.30996704, 0.94258237), (0.30509567, 0.9326621), (0.30608255, 0.93234694), (0.31877178, 0.9630656), (0.31939498, 0.9627732), (0.3193512, 0.960899), (0.3199948, 0.9624777), (0.21495688, 0.21144342), (0.21112433, 0.20966154), (0.2108044, 0.2107606), (0.21108112, 0.2114402), (0.21054527, 0.21172857), (0.20753032, 0.2111252), (0.20341024, 0.21289366), (0.20719838, 0.20938414), (0.19218919, 0.2172687), (0.19099829, 0.21903145), (0.17790693, 0.22580886), (0.17872724, 0.22678584), (0.17459604, 0.22915554), (0.17596453, 0.22999102), (0.17497045, 0.23244834), (0.1708503, 0.24649775), (0.16960621, 0.24622488), (0.16838142, 0.2458334), (0.15291908, 0.36407685), (0.15075001, 0.36376297), (0.13561589, 0.49135053), (0.13399014, 0.49128616), (0.1355944, 0.491498), (0.1485824, 0.36343896), (0.13224977, 0.49086183), (0.13222852, 0.49105626), (0.11918807, 0.6082969), (0.12867221, 0.5343708), (0.11934331, 0.6166568), (0.111670226, 0.6705101), (0.11255258, 0.670565), (0.11233944, 0.6998616), (0.11309698, 0.7270222), (0.11179963, 0.7354757), (0.11279577, 0.73549414), (0.11180127, 0.73555154), (0.11593002, 0.7835376), (0.114985436, 0.78363705), (0.1227819, 0.8309953), (0.12185347, 0.83113647), (0.13049525, 0.8793126), (0.12956217, 0.87941325), (0.13300109, 0.92942894), (0.13220328, 0.9293493), (0.1338346, 0.9295012), (0.13143003, 0.8792074), (0.12371385, 0.83085215), (0.11687547, 0.7834374), (0.113892436, 0.7355235), (0.11388978, 0.7354235), (0.114174426, 0.70275575), (0.113489866, 0.6706153), (0.12131393, 0.6090568), (0.13128239, 0.9359363), (0.13204467, 0.9361529), (0.1328516, 0.9327775), (0.13280794, 0.9363271), (0.12771538, 0.9488344), (0.12277329, 0.95816535), (0.11048776, 0.97173524), (0.1106869, 0.9720053), (0.12336606, 0.95850706), (0.094839156, 0.98016584), (0.0947524, 0.97993004), (0.08522695, 0.98289645), (0.3204745, 0.965601), (0.32322156, 0.97054523), (0.32565635, 0.97388315), (0.32545725, 0.9742799), (0.33031225, 0.9821222), (0.4235318, 0.9391696), (0.42273274, 0.939036), (0.41907609, 0.95093167), (0.42196703, 0.9388725), (0.41781515, 0.9516135), (0.42120177, 0.9386666), (0.41300362, 0.9610126), (0.4009084, 0.9747526), (0.40111125, 0.9750198), (0.41360113, 0.96134603), (0.41415223, 0.961658), (0.38537943, 0.98339885), (0.38528943, 0.98316437), (0.37581146, 0.98626304), (0.36959708, 0.9881219), (0.401308, 0.9752739), (0.3854683, 0.98363405), (0.45109487, 0.96594226), (0.43674648, 0.96867114), (0.43510133, 0.9818677), (0.42291814, 0.97563505), (0.42546892, 0.98859286), (0.4186545, 0.9770035), (0.41681153, 0.9774427), (0.41129375, 0.9778431), (0.40195745, 0.97682446), (0.41090113, 0.9921297), (0.40236586, 0.9920811), (0.3950373, 0.9907248), (0.38951606, 0.9895617), (0.472804, 0.9568026), (0.4550404, 0.95958555), (0.44523412, 0.9641788), (0.4413494, 0.95496655), (0.43200707, 0.958113), (0.4386363, 0.9445051), (0.42911363, 0.9458336), (0.44226688, 0.93424916), (0.4245289, 0.93222785), (0.47728357, 0.9561374), (0.47586855, 0.95128214), (0.4713503, 0.95299673), (0.46858642, 0.95411265), (0.46844712, 0.94458854), (0.46572632, 0.9456745), (0.46533382, 0.93550104), (0.46264637, 0.93665624), (0.4624253, 0.927217), (0.452405, 0.93161225), (0.47984663, 0.95009756), (0.4856118, 0.95630777), (0.4877213, 0.9485888), (0.4881977, 0.9560585), (0.4954948, 0.94776607), (0.513175, 0.95678794), (0.509536, 0.94748986), (0.5338139, 0.94976205), (0.53639686, 0.93746066), (0.54844683, 0.9387765), (0.55051506, 0.9247005), (0.56897956, 0.9261718), (0.56401163, 0.9109627), (0.58852863, 0.91146976), (0.5869235, 0.92845124), (0.59026563, 0.92235386), (0.59390944, 0.9333466), (0.58198166, 0.9447577), (0.5894335, 0.94642067), (0.5757538, 0.9594673), (0.58289003, 0.96143806), (0.5756788, 0.9741404), (0.5922647, 0.9637649), (0.5940398, 0.9796785), (0.6022586, 0.96593916), (0.60515475, 0.9825253), (0.60841817, 0.9634656), (0.61540526, 0.9743558), (0.619723, 0.9858314), (0.62353694, 0.986358), (0.53527594, 0.9611525), (0.544836, 0.9518459), (0.56551695, 0.9414768), (0.55559605, 0.967368), (0.560476, 0.9555539), (0.59889805, 0.9484248), (0.53828764, 0.9117888), (0.53755254, 0.92435044), (0.51001126, 0.93688905), (0.5110728, 0.91507685), (0.50947225, 0.92581236), (0.49485242, 0.93813336), (0.4864035, 0.93942034), (0.47761178, 0.941383), (0.4822221, 0.9209333), (0.49344513, 0.92800295), (0.48445508, 0.9297385), (0.46726415, 0.9252524), (0.47500032, 0.9321336), (0.47009858, 0.93362504), (0.4731098, 0.94279516), (0.4491778, 0.9418777), (0.41781822, 0.96188164), (0.4142657, 0.96223485), (0.41701195, 0.9914336), (0.45191205, 0.9511211), (0.49434647, 0.2176764), (0.495304, 0.2175889), (0.49313515, 0.21510124), (0.4962221, 0.21720308), (0.49475706, 0.2130748), (0.49710152, 0.21654451), (0.49090007, 0.21134639), (0.49059546, 0.21244997), (0.49088168, 0.21312553), (0.49029335, 0.21430182), (0.4903499, 0.21342158), (0.4875897, 0.21427226), (0.4873267, 0.21286035), (0.4832317, 0.21468616), (0.4869705, 0.21112406), (0.4720728, 0.21921748), (0.4709066, 0.22099686), (0.45791107, 0.2279563), (0.4587449, 0.22892177), (0.45464706, 0.23134911), (0.45602715, 0.23216522), (0.45506752, 0.23463643), (0.457156, 0.23282629), (0.452398, 0.248873), (0.45114413, 0.24874198), (0.4498963, 0.2484864), (0.44866604, 0.24811226), (0.45961478, 0.22979605), (0.47309673, 0.22096646), (0.9581243, 0.13365579), (0.9416816, 0.14893895), (0.95777667, 0.14252591), (0.953503, 0.15400481), (0.9585769, 0.1815821), (0.93301356, 0.15464294), (0.9371363, 0.18177712), (0.92296445, 0.15875298), (0.91555965, 0.18243176), (0.91177446, 0.16081226), (0.9002086, 0.16086167), (0.9544432, 0.13461685), (0.96138036, 0.12576461), (0.974664, 0.102588), (0.975204, 0.10293317), (0.976025, 0.101594985), (0.89399445, 0.18355036), (0.8775841, 0.15783662), (0.8726614, 0.18496436), (0.8723872, 0.15769243), (0.8530842, 0.15941566), (0.85621524, 0.15144682), (0.8365498, 0.14184296), (0.8363954, 0.14644206), (0.8309351, 0.18993491), (0.8515461, 0.18644428), (0.8500818, 0.21330237), (0.87265563, 0.21199083), (0.87268436, 0.23879051), (0.8966224, 0.23761714), (0.8953852, 0.21075332), (0.9206148, 0.23655784), (0.9182222, 0.20970088), (0.94458383, 0.23565), (0.9410512, 0.20890778), (0.96844083, 0.23487628), (0.97265756, 0.26129508), (0.97533107, 0.22830862), (0.98250616, 0.27084625), (0.97933096, 0.31415355), (0.98788035, 0.31372452), (0.9878949, 0.31387317), (0.9819313, 0.3564862), (0.9901053, 0.37823302), (0.9819839, 0.3989253), (0.9865532, 0.44233733), (0.95606124, 0.3999285), (0.97757304, 0.4838373), (0.95451105, 0.48480004), (0.95274544, 0.5699189), (0.93146455, 0.48576498), (0.9328051, 0.5705315), (0.90842545, 0.486746), (0.91286874, 0.57125837), (0.88539016, 0.4877652), (0.89293647, 0.5720887), (0.8730049, 0.5729979), (0.8623688, 0.48884624), (0.8554652, 0.57367426), (0.83341384, 0.44803876), (0.8523994, 0.40437716), (0.8248409, 0.38488424), (0.84901965, 0.36212975), (0.8223524, 0.3531232), (0.8473964, 0.3198154), (0.82146394, 0.32123053), (0.82146686, 0.3207779), (0.84793675, 0.26661742), (0.82293427, 0.2771001), (0.8488512, 0.24001032), (0.8262379, 0.23345625), (0.85551226, 0.5739779), (0.8824203, 0.6513161), (0.8999176, 0.65045536), (0.9072623, 0.7278991), (0.92221403, 0.72716236), (0.91743076, 0.64965886), (0.9371545, 0.7264508), (0.9349467, 0.64892614), (0.95207703, 0.72575986), (0.9523664, 0.8031143), (0.95844364, 0.8010457), (0.95123994, 0.87785774), (0.93996364, 0.80372906), (0.9452579, 0.88084424), (0.92755896, 0.8043531), (0.93011665, 0.87645876), (0.91515344, 0.8049884), (0.917112, 0.8673123), (0.91498315, 0.8649758), (0.90274715, 0.8056364), (0.9091927, 0.85365576), (0.879968, 0.71549535), (0.89230555, 0.72866476), (0.94755816, 0.880697), (0.9499198, 0.8798927), (0.9640353, 0.7241258), (0.9524655, 0.6482544), (0.9725026, 0.56942457), (0.97499764, 0.5693499), (0.9749993, 0.56930625), (0.96378136, 0.2083584), (0.96679235, 0.18594432), (0.87284434, 0.26544893), (0.8978082, 0.26429343), (0.92279404, 0.26320422), (0.94775856, 0.2622068), (0.87378633, 0.3186136), (0.9001637, 0.31743342), (0.8755648, 0.3608969), (0.8782867, 0.40318698), (0.92654693, 0.31629777), (0.90214, 0.3597257), (0.9041914, 0.40205956), (0.9529356, 0.31520456), (0.9287293, 0.35860348), (0.930115, 0.4009772), (0.9553292, 0.35752594), (0.5912605, 0.9110109), (0.5903769, 0.91125834), (0.5940878, 0.9211781), (0.5894544, 0.91145146), (0.59410405, 0.92954606), (0.59995955, 0.94281626), (0.5949505, 0.9329655), (0.5959328, 0.9326366), (0.60904914, 0.96317375), (0.609668, 0.9628725), (0.6095981, 0.96099925), (0.61026376, 0.9625689), (0.4928401, 0.21837407), (0.49199215, 0.21703988), (0.49116623, 0.21566427), (0.5048884, 0.27853835), (0.5030985, 0.27213228), (0.5029711, 0.27981502), (0.50972897, 0.32616264), (0.5123333, 0.35657823), (0.53117436, 0.4880597), (0.5294618, 0.48830855), (0.5294709, 0.4883588), (0.5462369, 0.5634922), (0.5536328, 0.6043894), (0.55989087, 0.62934256), (0.5657737, 0.6623257), (0.5688325, 0.67125666), (0.57809967, 0.71836495), (0.5771252, 0.7082088), (0.5793543, 0.71815604), (0.5805789, 0.7179209), (0.5805842, 0.7179502), (0.58532155, 0.76519537), (0.5864844, 0.76509833), (0.58838284, 0.81187356), (0.5872121, 0.81190044), (0.5885915, 0.859558), (0.58738434, 0.85959196), (0.586201, 0.8596213), (0.57810533, 0.7183968), (0.5841539, 0.7652925), (0.58604115, 0.8119259), (0.5679796, 0.66227263), (0.55538315, 0.6030735), (0.5326437, 0.48783094), (0.53263754, 0.4877941), (0.51946026, 0.38790166), (0.43485755, 0.36656386), (0.43268433, 0.3662802), (0.41933435, 0.49406826), (0.41770786, 0.49402654), (0.41931492, 0.49421597), (0.4305123, 0.3659866), (0.41596177, 0.49362636), (0.4159432, 0.49382114), (0.40454143, 0.61123085), (0.41299242, 0.5371779), (0.4048132, 0.61958885), (0.39789277, 0.6735428), (0.3987759, 0.6735854), (0.39897168, 0.7028816), (0.40010816, 0.7300287), (0.398929, 0.7384994), (0.39992523, 0.738504), (0.39893174, 0.7385753), (0.40372825, 0.7864951), (0.40278506, 0.7866076), (0.41123945, 0.83385354), (0.41031295, 0.83400756), (0.41962504, 0.8820586), (0.41869345, 0.8821723), (0.42282963, 0.9321358), (0.4220308, 0.93206733), (0.4236641, 0.93219644), (0.42055824, 0.88194036), (0.41216922, 0.83369744), (0.4046719, 0.7863817), (0.4010222, 0.73851806), (0.40101814, 0.73841804), (0.40084678, 0.7057501), (0.39971372, 0.6736227), (0.40667754, 0.6119621), (0.78450024, 0.21474111), (0.7854588, 0.21465397), (0.78328896, 0.2121625), (0.7863781, 0.21426833), (0.78491366, 0.21013474), (0.78725874, 0.21360922), (0.78105325, 0.20840281), (0.78074795, 0.20950747), (0.7810341, 0.21018404), (0.78044474, 0.21136093), (0.78050154, 0.21047997), (0.40460598, 0.09569907), (0.39529917, 0.104025066), (0.39754903, 0.10400903), (0.39614385, 0.105003834), (0.39451185, 0.10298526), (0.41186768, 0.08740467), (0.77773803, 0.21133006), (0.7774754, 0.20991671), (0.7733754, 0.21174252), (0.7771197, 0.2081784), (0.76220256, 0.2162736), (0.7610343, 0.21805418), (0.74802196, 0.2250148), (0.7488563, 0.22598171), (0.74475306, 0.22840953), (0.7461343, 0.2292273), (0.7451724, 0.23170054), (0.7472639, 0.22988957), (0.7424935, 0.24595058), (0.7412385, 0.24581885), (0.7399894, 0.24556255), (0.73875815, 0.2451871), (0.74972665, 0.22685707), (0.76322687, 0.21802491), (0.39807218, 0.10436267), (0.39980382, 0.102535486), (0.40263593, 0.098920286), (0.90405244, 0.9687756), (0.9016347, 0.96615446), (0.9039123, 0.9691562), (0.9091249, 0.975826), (0.3985825, 0.10472208), (0.89882064, 0.9621265), (0.89716816, 0.9599687), (0.7829921, 0.21543866), (0.7821439, 0.21410286), (0.7813178, 0.21272516), (0.87608624, 0.85737073), (0.8524204, 0.86459255), (0.82798046, 0.8686838), (0.8255079, 0.81885684), (0.80484444, 0.82156897), (0.82245123, 0.7712936), (0.80129457, 0.7740723), (0.81820834, 0.72614574), (0.7972964, 0.72901326), (0.8133019, 0.6851613), (0.7932792, 0.6874462), (0.80823535, 0.6455326), (0.7894014, 0.6471621), (0.8034862, 0.606056), (0.785923, 0.607282), (0.7990258, 0.56702423), (0.7828021, 0.5680808), (0.7915698, 0.4887635), (0.7778115, 0.48988461), (0.78754365, 0.42118788), (0.77547646, 0.4214722), (0.7734351, 0.35328317), (0.78369796, 0.35328746), (0.7809773, 0.21641016), (0.7931046, 0.27694786), (0.85106623, 0.815058), (0.8759778, 0.8096551), (0.87412703, 0.7629782), (0.84864324, 0.76724243), (0.8681036, 0.7160306), (0.84414995, 0.7214527), (0.868098, 0.71599865), (0.8377663, 0.6819675), (0.85578716, 0.65989304), (0.83131856, 0.6432631), (0.8436626, 0.60188997), (0.82500756, 0.60444695), (0.8189167, 0.56559026), (0.81953335, 0.4857248), (0.808614, 0.4868238), (0.8195243, 0.48567462), (0.80262756, 0.4208421), (0.8024404, 0.35379612), (0.7972746, 0.35375673), (0.7686002, 0.22436738), (0.7632118, 0.3532831), (0.76338804, 0.42172033), (0.76400137, 0.49078208), (0.766494, 0.5690242), (0.76823664, 0.60837793), (0.7703556, 0.64860195), (0.7730642, 0.6893611), (0.77628976, 0.7313149), (0.7801466, 0.7764468), (0.7841833, 0.8238667), (0.8081101, 0.8714137), (0.7882253, 0.8735832), (0.76839876, 0.87539864), (0.75299835, 0.8763374), (0.75127816, 0.8764059), (0.7478436, 0.8765516), (0.74211204, 0.8272927), (0.73501897, 0.8278071), (0.7368016, 0.780127), (0.72943485, 0.78067565), (0.7328705, 0.7345603), (0.7254326, 0.73492736), (0.7311966, 0.69214267), (0.7240422, 0.69243276), (0.7307984, 0.65076154), (0.7239975, 0.6509422), (0.7316916, 0.6100397), (0.725441, 0.6101581), (0.73282254, 0.57047737), (0.727057, 0.5706037), (0.73553455, 0.49188817), (0.73071057, 0.49191284), (0.73848104, 0.42201734), (0.7343242, 0.42199618), (0.7383661, 0.3532191), (0.7418029, 0.3532027), (0.74363184, 0.35318708), (0.75193375, 0.2345751), (0.74505603, 0.35319006), (0.7530524, 0.35325873), (0.7512829, 0.42191905), (0.75015205, 0.49148256), (0.75010633, 0.5698363), (0.75045633, 0.6093079), (0.751142, 0.64980173), (0.7527072, 0.69091153), (0.7551753, 0.7331315), (0.75901043, 0.7784242), (0.763607, 0.8257499), (0.7581447, 0.23341781), (0.7248782, 0.36375546), (0.7284602, 0.35317105), (0.73493683, 0.35322124), (0.7223096, 0.42177832), (0.7092769, 0.491387), (0.7168397, 0.49167055), (0.7092574, 0.49153483), (0.7104432, 0.5705981), (0.6965513, 0.60940135), (0.70751226, 0.60994387), (0.7041961, 0.65085506), (0.7191808, 0.6101897), (0.71716034, 0.65101343), (0.6895519, 0.6711222), (0.7034965, 0.69298065), (0.7168688, 0.69266164), (0.71795225, 0.73524725), (0.6906741, 0.7032847), (0.7036785, 0.73564255), (0.72207046, 0.78124565), (0.69083333, 0.7359877), (0.69083726, 0.73608786), (0.70828104, 0.7824967), (0.6944774, 0.78399915), (0.71489847, 0.8296722), (0.7019745, 0.831359), (0.72215635, 0.87821954), (0.71037525, 0.87964386), (0.73439586, 0.8772465), (0.7410928, 0.8768771), (0.7474976, 0.8269412), (0.7423594, 0.7797252), (0.7384524, 0.73424685), (0.73659563, 0.6918789), (0.7359044, 0.65055454), (0.7364062, 0.6098875), (0.7371554, 0.57034296), (0.7392441, 0.49183387), (0.7417781, 0.4220044), (0.74570155, 0.8270569), (0.74050707, 0.7798575), (0.7365936, 0.7343547), (0.734795, 0.69197106), (0.73420346, 0.65063), (0.734834, 0.609944), (0.7357119, 0.5703907), (0.73795575, 0.49185538), (0.7405637, 0.4220119), (0.7279695, 0.8283798), (0.7212771, 0.5706608), (0.72588396, 0.49189574), (0.7301707, 0.42195648), (0.77788514, 0.21154058), (0.77289665, 0.21461058), (0.7632505, 0.22158718), (0.7622644, 0.2204336), (0.75387716, 0.22893858), (0.7525822, 0.22785044), (0.75324124, 0.22963166), (0.75189734, 0.22857809), (0.75177795, 0.23005354), (0.7505394, 0.22903305), (0.7484604, 0.23108482), (0.74745136, 0.23005635), (0.01831903, 0.19708931), (0.010990771, 0.21777326), (0.010211485, 0.23967612), (0.015915614, 0.26078194), (0.012838873, 0.2621448), (0.015285323, 0.19545233), (0.007642257, 0.21715397), (0.0068413867, 0.24007887), (0.8809862, 0.9087095), (0.88010454, 0.9089494), (0.8836839, 0.9188597), (0.8791843, 0.90913475), (0.8836154, 0.9273437), (0.8887174, 0.94023347), (0.8844321, 0.9308598), (0.8854673, 0.9305454), (0.38832772, 0.12039733), (0.39667174, 0.10534853), (0.38288352, 0.12817597), (0.42272684, 0.9354862), (0.71257526, 0.9367844), (0.7118089, 0.93662107), (0.7076605, 0.9493756), (0.7110429, 0.9364153), (0.70285, 0.95878613), (0.69075227, 0.9725473), (0.69095546, 0.97281474), (0.70344824, 0.95911956), (0.67521155, 0.98121786), (0.67512107, 0.9809829), (0.66561764, 0.9840915), (0.56257147, 0.8668742), (0.5381348, 0.870988), (0.53561914, 0.821169), (0.5149685, 0.82389253), (0.53253245, 0.77363837), (0.51139474, 0.77642703), (0.528267, 0.7285322), (0.50737643, 0.73140806), (0.52334434, 0.68759024), (0.5033427, 0.6898829), (0.5182634, 0.64800406), (0.49944943, 0.64964104), (0.5134999, 0.60857046), (0.49595535, 0.6098037), (0.5090251, 0.5695815), (0.4928188, 0.5706446), (0.50153863, 0.4914077), (0.48779574, 0.49253428), (0.49748453, 0.42390543), (0.48543012, 0.42419547), (0.4833583, 0.35607952), (0.4936104, 0.35607886), (0.49082777, 0.21934539), (0.5611564, 0.817351), (0.5586983, 0.76957244), (0.5541804, 0.72382873), (0.54778224, 0.684387), (0.54132193, 0.6457255), (0.5349983, 0.60695267), (0.52889466, 0.5681392), (0.5185636, 0.48946196), (0.51255214, 0.4235528), (0.5071728, 0.35654104), (0.47846752, 0.22730005), (0.4731458, 0.35608417), (0.47335485, 0.4244489), (0.47400063, 0.4934374), (0.47652814, 0.57159483), (0.47828785, 0.61090684), (0.48042363, 0.6510886), (0.48314852, 0.6918056), (0.4863905, 0.73371786), (0.49026483, 0.7788099), (0.4943192, 0.82619786), (0.51826113, 0.87372637), (0.49837452, 0.87589705), (0.47854924, 0.8777106), (0.46315402, 0.878646), (0.46143472, 0.8787141), (0.458002, 0.878859), (0.45227438, 0.8296312), (0.44518653, 0.8301461), (0.4469569, 0.7825027), (0.43959653, 0.78305304), (0.4430135, 0.73697805), (0.43558282, 0.7373475), (0.44132397, 0.694603), (0.4341768, 0.69489586), (0.4409079, 0.6532643), (0.43411416, 0.65344775), (0.4417814, 0.61258405), (0.4355374, 0.6127051), (0.44289267, 0.57306236), (0.43713322, 0.5731914), (0.44556445, 0.49455613), (0.4407458, 0.494583), (0.4484741, 0.4247576), (0.4443217, 0.42473853), (0.44832617, 0.35603237), (0.45175934, 0.3560143), (0.45358652, 0.35599774), (0.4618231, 0.23750454), (0.45500928, 0.35600007), (0.46299717, 0.3560648), (0.46126243, 0.42465335), (0.46016645, 0.49414366), (0.4601578, 0.5724139), (0.4605264, 0.61184424), (0.46123028, 0.6522962), (0.46281248, 0.6933638), (0.4652965, 0.735542), (0.4691466, 0.78079414), (0.47375497, 0.8280858), (0.46802694, 0.23634577), (0.43843073, 0.35598898), (0.4449004, 0.35603595), (0.43231985, 0.42452645), (0.4268895, 0.49434763), (0.4205368, 0.57319367), (0.41762722, 0.6124991), (0.4143334, 0.6533698), (0.4292837, 0.61273944), (0.42728415, 0.65352213), (0.41365224, 0.69545174), (0.42701077, 0.6951275), (0.42810988, 0.7376698), (0.41385034, 0.7380693), (0.43223864, 0.7836245), (0.4184621, 0.7848777), (0.42508182, 0.8320114), (0.4323306, 0.8805201), (0.44456214, 0.8795506), (0.45125496, 0.8791828), (0.4576561, 0.8292793), (0.4525099, 0.7820996), (0.44858995, 0.73666275), (0.4467175, 0.6943373), (0.44600856, 0.65305513), (0.44649106, 0.61242974), (0.4472208, 0.57292604), (0.44927022, 0.4945001), (0.45176768, 0.42474318), (0.45586127, 0.82939506), (0.45065916, 0.78223246), (0.44673303, 0.73677135), (0.44491866, 0.69443005), (0.4443095, 0.6531313), (0.44492057, 0.61248696), (0.4457789, 0.5729743), (0.44798326, 0.49452215), (0.45055476, 0.42475116), (0.43814248, 0.8307189), (0.43135938, 0.57325107), (0.43592432, 0.49456835), (0.44017267, 0.4247008), (0.48773676, 0.21448243), (0.4827549, 0.21755135), (0.47312206, 0.22452521), (0.47213638, 0.2233733), (0.46376187, 0.2318734), (0.4624677, 0.23078692), (0.46312684, 0.23256588), (0.46178395, 0.2315141), (0.4616655, 0.23298812), (0.46042752, 0.2319693), (0.4583518, 0.23401994), (0.45734337, 0.232993), (0.8223427, 0.09289014), (0.82269967, 0.09708583), (0.8290969, 0.10008478), (0.83209974, 0.11125648), (0.8370966, 0.105671346), (0.84173125, 0.11636865), (0.8520162, 0.11996025), (0.8379032, 0.12377393), (0.84886783, 0.12855649), (0.83379126, 0.13092989), (0.8452562, 0.13692254), (0.8255095, 0.11179423), (0.8276832, 0.11757851), (0.4056, 0.96880007), (0.8304862, 0.12590373), (0.8573582, 0.14165819), (0.88360447, 0.14724648), (0.8971874, 0.14812994), (0.9103403, 0.14753735), (0.90872526, 0.13294965), (0.9192891, 0.1304946), (0.91679883, 0.1160475), (0.92641056, 0.11436975), (0.9238119, 0.103449106), (0.93237627, 0.10418761), (0.9363858, 0.113187134), (0.95143855, 0.1059047), (0.947732, 0.111358106), (0.96078587, 0.1076262), (0.9501521, 0.117973745), (0.96229607, 0.110462785), (0.9544852, 0.12366164), (0.9644346, 0.11289561), (0.9232092, 0.14478981), (0.93473995, 0.13969529), (0.94483364, 0.13262916), (0.97382045, 0.101622105), (0.9730463, 0.10059154), (0.9621495, 0.10456991), (0.91492087, 0.10377276), (0.9068712, 0.11851251), (0.8971753, 0.13445687), (0.9054903, 0.10564256), (0.8957846, 0.10859251), (0.89639974, 0.12090081), (0.8757318, 0.11239052), (0.8852122, 0.122366846), (0.86273885, 0.12205118), (0.86034983, 0.13194692), (0.85572964, 0.11196041), (0.8847502, 0.13484985), (0.929222, 0.12736094), (0.939128, 0.1234262), (0.27364168, 0.8661231), (0.24914917, 0.8698956), (0.24732831, 0.82004476), (0.22664118, 0.8224803), (0.24490386, 0.77247435), (0.22372898, 0.7749686), (0.2412672, 0.72731304), (0.22033823, 0.72989756), (0.23691556, 0.6863061), (0.2168836, 0.68831956), (0.23238695, 0.64665246), (0.21355179, 0.6480269), (0.22817361, 0.6071558), (0.21061355, 0.6081443), (0.2242429, 0.5681084), (0.20802352, 0.5689455), (0.21784917, 0.48983866), (0.2040919, 0.49077326), (0.21473771, 0.42228734), (0.2026807, 0.4224087), (0.2015608, 0.35427165), (0.21181166, 0.35441434), (0.27291706, 0.8165827), (0.27112412, 0.76877254), (0.2672438, 0.7229713), (0.261396, 0.68344384), (0.2554751, 0.6446956), (0.24969241, 0.6058377), (0.24413028, 0.5669433), (0.23489979, 0.48813075), (0.2298086, 0.42214525), (0.225366, 0.35506606), (0.1913495, 0.35413373), (0.19060323, 0.42249358), (0.19028553, 0.49148357), (0.19172123, 0.5696684), (0.19293234, 0.609001), (0.19450745, 0.6492089), (0.1966644, 0.6899605), (0.19932169, 0.73191464), (0.20256755, 0.77705705), (0.20596132, 0.8244978), (0.22923881, 0.8723564), (0.20932347, 0.8742496), (0.18947458, 0.8757864), (0.17406756, 0.87650716), (0.17234746, 0.8765513), (0.168913, 0.8766483), (0.16387203, 0.8273449), (0.15677759, 0.82776093), (0.15921137, 0.7801466), (0.1518439, 0.78059435), (0.15590256, 0.7345699), (0.14846724, 0.7348357), (0.15480414, 0.69217426), (0.14765349, 0.69236743), (0.1549649, 0.6508331), (0.1481691, 0.6509218), (0.15640587, 0.61016876), (0.15016076, 0.6102026), (0.15806869, 0.5706665), (0.1523079, 0.570715), (0.1618366, 0.49220502), (0.15701795, 0.49216467), (0.16572091, 0.42245448), (0.16156936, 0.42237747), (0.16653368, 0.35373473), (0.16996661, 0.35376477), (0.17179376, 0.35377377), (0.17321625, 0.35379606), (0.18120244, 0.35397243), (0.17850938, 0.4225291), (0.17644277, 0.49199665), (0.17534122, 0.57025903), (0.17515954, 0.60969055), (0.17529896, 0.6501485), (0.17630821, 0.69123477), (0.17820409, 0.7334445), (0.18142325, 0.7787471), (0.18537235, 0.8260989), (0.1566397, 0.35355306), (0.16310802, 0.35369056), (0.14957169, 0.42199785), (0.1431664, 0.49173564), (0.13571313, 0.57048553), (0.13225505, 0.60974663), (0.12839115, 0.65056777), (0.14390719, 0.61014974), (0.14133865, 0.6509007), (0.12712261, 0.69263697), (0.14048472, 0.69249916), (0.14099044, 0.73505366), (0.12672621, 0.73525405), (0.14447865, 0.78106326), (0.1306856, 0.78212494), (0.13664871, 0.82934606), (0.14322105, 0.8779514), (0.15546489, 0.87715244), (0.16216213, 0.876878), (0.16925812, 0.82706785), (0.16476962, 0.77982086), (0.16148317, 0.7343323), (0.16020092, 0.6919838), (0.16006806, 0.65069515), (0.16111735, 0.6100801), (0.1623984, 0.57059056), (0.16554275, 0.49220067), (0.16901433, 0.42248607), (0.1674619, 0.8271588), (0.1629171, 0.77992785), (0.15962473, 0.734415), (0.15840098, 0.6920515), (0.15836802, 0.6507476), (0.15954608, 0.6101154), (0.16095579, 0.57061875), (0.16425562, 0.4922049), (0.16780138, 0.4224772), (0.14972618, 0.8282357), (0.14653388, 0.5706941), (0.15219715, 0.4920826), (0.15742132, 0.4222818), (0.7118692, 0.9298101), (0.71256757, 0.9332314), (0.7126688, 0.92987823), (0.71350396, 0.9299385), (0.61078686, 0.9656851), (0.6136024, 0.9705909), (0.6160839, 0.97389513), (0.6158902, 0.9742947), (0.6208523, 0.98206717), (0.7950246, 0.27567077), (0.79323584, 0.2692573), (0.7998477, 0.32334715), (0.8212388, 0.48542643), (0.83628005, 0.5609493), (0.8499147, 0.626873), (0.8588443, 0.66883385), (0.8671275, 0.70583177), (0.869354, 0.7157903), (0.8705799, 0.7155556), (0.8705852, 0.71558505), (0.8752959, 0.762882), (0.87645996, 0.7627857), (0.87832135, 0.80960494), (0.87714946, 0.8096308), (0.8784762, 0.85731244), (0.877269, 0.8573439), (0.8579951, 0.65984017), (0.8454158, 0.60057616), (0.8227099, 0.48519802), (0.8227038, 0.48516107), (0.8095572, 0.38513285), (0.7227028, 0.36347044), (0.7076486, 0.49134463), (0.72052854, 0.3631754), (0.70590085, 0.49094313), (0.70588213, 0.49113822), (0.6944135, 0.60866797), (0.7029072, 0.5345464), (0.69468164, 0.61703455), (0.6877291, 0.6710414), (0.6886132, 0.6710845), (0.6887979, 0.70041096), (0.6899254, 0.72758836), (0.6887416, 0.7360684), (0.68973887, 0.7360733), (0.68874425, 0.7361444), (0.69353276, 0.78411245), (0.6925886, 0.7842249), (0.70104384, 0.83151525), (0.7001164, 0.8316694), (0.7094413, 0.8797624), (0.70850897, 0.87987643), (0.37962592, 0.13609004), (0.36319125, 0.15140498), (0.3792876, 0.14496809), (0.3750249, 0.15645725), (0.3801299, 0.18403286), (0.354531, 0.15712094), (0.35868758, 0.1842519), (0.34448758, 0.16124386), (0.3371117, 0.18493152), (0.3333007, 0.16331685), (0.32173595, 0.16338015), (0.37593865, 0.1370585), (0.31554842, 0.18607485), (0.29911035, 0.16038209), (0.2942187, 0.18751276), (0.2939139, 0.16024363), (0.27461532, 0.1619885), (0.27773705, 0.15401709), (0.2580639, 0.1444363), (0.2579146, 0.14903474), (0.25250143, 0.19252813), (0.27310684, 0.18901575), (0.27167156, 0.21587342), (0.2942425, 0.21453774), (0.29430017, 0.2413361), (0.31823617, 0.2401371), (0.31696978, 0.21327507), (0.342227, 0.23905182), (0.33980495, 0.21219742), (0.36619514, 0.23811811), (0.36263323, 0.21137917), (0.39005208, 0.23731887), (0.39429668, 0.2637335), (0.3969354, 0.23074365), (0.4041555, 0.27327418), (0.40102595, 0.31658465), (0.40957472, 0.31614667), (0.40958953, 0.31629515), (0.4036709, 0.35891426), (0.41186768, 0.3806523), (0.403768, 0.401353), (0.40838298, 0.4447596), (0.37784672, 0.40238333), (0.39944625, 0.48626876), (0.37638557, 0.4872557), (0.37470964, 0.5723748), (0.35334036, 0.4882449), (0.35477024, 0.5730085), (0.33030275, 0.48924989), (0.3348348, 0.5737562), (0.30726883, 0.49029326), (0.31490386, 0.5746077), (0.29497343, 0.57553804), (0.28424898, 0.4913987), (0.2774347, 0.5762327), (0.2552514, 0.45062208), (0.2741909, 0.40694118), (0.24661219, 0.38747746), (0.2707668, 0.36469793), (0.24409032, 0.3557194), (0.2690987, 0.3223858), (0.24316853, 0.32382828), (0.24317077, 0.32337558), (0.2695831, 0.2691884), (0.24459231, 0.27969718), (0.27046928, 0.24258131), (0.2478503, 0.2360512), (0.27748218, 0.57653624), (0.30447146, 0.65384483), (0.32196754, 0.6529658), (0.32939386, 0.7304005), (0.34434462, 0.7296481), (0.3394795, 0.6521509), (0.35928398, 0.72892064), (0.35699448, 0.6513996), (0.37420562, 0.72821414), (0.3745765, 0.8055668), (0.38065165, 0.80349183), (0.37352926, 0.8803098), (0.3621747, 0.80619466), (0.36755043, 0.8833025), (0.34977102, 0.80683184), (0.35240468, 0.87893325), (0.3373664, 0.8074802), (0.3393907, 0.8698008), (0.33725965, 0.8674666), (0.32496095, 0.8081416), (0.3314573, 0.85615295), (0.3020869, 0.71802574), (0.3144381, 0.7311819), (0.36985046, 0.88315296), (0.37221116, 0.8823464), (0.38616177, 0.72656727), (0.3745122, 0.65070933), (0.39446574, 0.5718597), (0.39696065, 0.57178235), (0.39696223, 0.5717388), (0.38536406, 0.2108053), (0.38835108, 0.18838668), (0.2944887, 0.2679937), (0.31945062, 0.26681155), (0.34443513, 0.26569557), (0.36939842, 0.26467162), (0.2954871, 0.32115638), (0.32186276, 0.3199482), (0.29731005, 0.36343712), (0.30007657, 0.4057237), (0.3482444, 0.3187846), (0.32388362, 0.36223793), (0.32597953, 0.4045691), (0.37463167, 0.3176636), (0.35047144, 0.36108768), (0.35190183, 0.40345937), (0.37707007, 0.359982), (0.24380538, 0.09550738), (0.24416691, 0.09970188), (0.2505664, 0.10269332), (0.25358117, 0.11385995), (0.25857088, 0.10827017), (0.26321656, 0.1189605), (0.2735037, 0.12254012), (0.25939727, 0.1263687), (0.2703655, 0.13113844), (0.25529394, 0.13352811), (0.26676363, 0.13950706), (0.24699247, 0.11440492), (0.24917227, 0.120185494), (0.6954445, 0.9665859), (0.25198373, 0.12850636), (0.278869, 0.1442287), (0.30511785, 0.1497863), (0.31870013, 0.1506536), (0.33185053, 0.15004486), (0.33021754, 0.13546169), (0.34077632, 0.13299346), (0.3382677, 0.11855328), (0.34787422, 0.11686349), (0.34526163, 0.105950534), (0.3538227, 0.106676996), (0.35784453, 0.11566675), (0.37287843, 0.10836136), (0.36918303, 0.11381966), (0.38223463, 0.11006564), (0.37161398, 0.12043065), (0.38375327, 0.11290401), (0.37595475, 0.12610936), (0.38589934, 0.115338445), (0.34471467, 0.14728129), (0.3562378, 0.14217114), (0.36632216, 0.1350894), (0.39529917, 0.104025066), (0.39451185, 0.10298526), (0.38359362, 0.10700065), (0.3363749, 0.106285095), (0.32834578, 0.12103009), (0.31867152, 0.13698268), (0.32694992, 0.10816574), (0.31725067, 0.11112583), (0.31787992, 0.12343037), (0.2972067, 0.11494553), (0.30669653, 0.12490904), (0.28422683, 0.12461889), (0.28184932, 0.13451552), (0.27720785, 0.11453754), (0.30624896, 0.13739014), (0.35070336, 0.12984687), (0.36060208, 0.1258983), (0.98295975, 0.09350777), (0.97382045, 0.101622105), (0.9730463, 0.10059154), (0.9901055, 0.085424244)] (
                                            interpolation = "vertex"
                                        )
                                        string semantic:Semantics_0CQz:params:semanticData = "Prop5inProp5in"
                                        string semantic:Semantics_0CQz:params:semanticType = "class"
                                        string semantic:Semantics_dewN:params:semanticData = "Prop5inProp5in"
                                        string semantic:Semantics_dewN:params:semanticType = "class"
                                        string semantic:Semantics_dpQw:params:semanticData = "Prop5inProp5in"
                                        string semantic:Semantics_dpQw:params:semanticType = "class"
                                        string semantic:Semantics_hV49:params:semanticData = "Prop5inProp5in"
                                        string semantic:Semantics_hV49:params:semanticType = "class"
                                        string semantic:Semantics_orTz:params:semanticData = "Prop5inProp5in"
                                        string semantic:Semantics_orTz:params:semanticType = "class"
                                        string semantic:Semantics_t7QD:params:semanticData = "Prop5inProp5in"
                                        string semantic:Semantics_t7QD:params:semanticType = "class"
                                        string semantic:Semantics_vJTG:params:semanticData = "Prop5inProp5in"
                                        string semantic:Semantics_vJTG:params:semanticType = "class"
                                        string semantic:Semantics_wN6I:params:semanticData = "Prop5inProp5in"
                                        string semantic:Semantics_wN6I:params:semanticType = "class"
                                        uniform token subdivisionScheme = "none"
                                    }
                                }
                            }
                        }
                    }
                }
            }
        }
    }
}

def CesiumDataPrim "Cesium"
{
    prepend rel cesium:selectedIonServer = </CesiumServers/IonOfficial>
}

def CesiumGeoreferencePrim "CesiumGeoreference"
{
    matrix4d cesium:ecefToUsdTransform = ( (96.47534819407177, -20.236455032458025, -16.822398121311892, 0), (-26.315531361395948, -74.18885139192189, -61.67258011721836, 0), (1.6940658945086007e-15, 63.92573986170699, -76.89928337204039, 0), (-6.8727578277617806e-9, -637165682.2771803, -2102570.187787831, 1) )
}

def "CesiumServers"
{
    def CesiumIonServerPrim "IonOfficial"
    {
        string cesium:displayName = "ion.cesium.com"
        string cesium:ionServerApiUrl = "https://api.cesium.com/"
        int64 cesium:ionServerApplicationId = 413
        string cesium:ionServerUrl = "https://ion.cesium.com/"
    }
}

